{
	"credit": "Made with Blockbench",
	"texture_size": [128, 128],
	"textures": {
		"0": "item/totem_of_undying",
		"particle": "item/totem_of_undying"
	},
	"elements": [
		{
			"name": "bone",
			"from": [0, 16.5, 1.5],
			"to": [16, 17.5, 17.5],
			"rotation": {"angle": 0, "axis": "x", "origin": [0, 21, 0.5]},
			"faces": {
				"north": {"uv": [13.875, 2.75, 15.875, 2.875], "texture": "#0"},
				"east": {"uv": [13.875, 2.75, 15.875, 2.875], "texture": "#0"},
				"south": {"uv": [13.875, 2.75, 15.875, 2.875], "texture": "#0"},
				"west": {"uv": [13.875, 2.75, 15.875, 2.875], "texture": "#0"},
				"up": {"uv": [0, 0, 0, 0], "texture": "#0"},
				"down": {"uv": [15.875, 2.875, 13.875, 4.875], "texture": "#0"}
			}
		},
		{
			"name": "body",
			"from": [3, 1, 4],
			"to": [13, 9, 14],
			"faces": {
				"north": {"uv": [1.25, 3.75, 2.5, 4.75], "texture": "#0"},
				"east": {"uv": [0, 3.75, 1.25, 4.75], "texture": "#0"},
				"south": {"uv": [3.75, 3.75, 5, 4.75], "texture": "#0"},
				"west": {"uv": [2.5, 3.75, 3.75, 4.75], "texture": "#0"},
				"up": {"uv": [0, 0, 0, 0], "texture": "#0"},
				"down": {"uv": [3.75, 2.5, 2.5, 3.75], "texture": "#0"}
			}
		},
		{
			"name": "pant",
			"from": [3.5, 0, 4.5],
			"to": [12.5, 1, 13.5],
			"faces": {
				"north": {"uv": [6.625, 2.25, 7.75, 2.375], "texture": "#0"},
				"east": {"uv": [5.5, 2.25, 6.625, 2.375], "texture": "#0"},
				"south": {"uv": [8.875, 2.25, 10, 2.375], "texture": "#0"},
				"west": {"uv": [7.75, 2.25, 8.875, 2.375], "texture": "#0"},
				"up": {"uv": [0, 0, 0, 0], "texture": "#0"},
				"down": {"uv": [8.875, 1.125, 7.75, 2.25], "texture": "#0"}
			}
		},
		{
			"name": "body_head",
			"from": [4, 18, 5],
			"to": [12, 19, 13],
			"faces": {
				"north": {"uv": [4.875, 1, 5.875, 1.125], "texture": "#0"},
				"east": {"uv": [3.875, 1, 4.875, 1.125], "texture": "#0"},
				"south": {"uv": [6.875, 1, 7.875, 1.125], "texture": "#0"},
				"west": {"uv": [5.875, 1, 6.875, 1.125], "texture": "#0"},
				"up": {"uv": [5.875, 1, 4.875, 0], "texture": "#0"},
				"down": {"uv": [0, 0, 0, 0], "texture": "#0"}
			}
		},
		{
			"name": "body_head",
			"from": [3, 9, 4],
			"to": [13, 18, 14],
			"faces": {
				"north": {"uv": [1.25, 1.25, 2.5, 2.375], "texture": "#0"},
				"east": {"uv": [0, 1.25, 1.25, 2.375], "texture": "#0"},
				"south": {"uv": [3.75, 1.25, 5, 2.375], "texture": "#0"},
				"west": {"uv": [2.5, 1.25, 3.75, 2.375], "texture": "#0"},
				"up": {"uv": [2.5, 1.25, 1.25, 0], "texture": "#0"},
				"down": {"uv": [0, 0, 0, 0], "texture": "#0"}
			}
		},
		{
			"name": "body_head",
			"from": [3.5, 18, 4.5],
			"to": [12.5, 21, 13.5],
			"faces": {
				"north": {"uv": [12.625, 6.125, 13.75, 6.5], "texture": "#0"},
				"east": {"uv": [11.5, 6.125, 12.625, 6.5], "texture": "#0"},
				"south": {"uv": [14.875, 6.125, 16, 6.5], "texture": "#0"},
				"west": {"uv": [13.75, 6.125, 14.875, 6.5], "texture": "#0"},
				"up": {"uv": [13.75, 6.125, 12.625, 5], "texture": "#0"},
				"down": {"uv": [14.875, 5, 13.75, 6.125], "texture": "#0"}
			}
		},
		{
			"name": "head_leave",
			"from": [5.5, 19, 6.5],
			"to": [10.5, 31, 11.5],
			"faces": {
				"north": {"uv": [2.75, 5.5, 3.375, 7], "texture": "#0"},
				"east": {"uv": [2.125, 5.5, 2.75, 7], "texture": "#0"},
				"south": {"uv": [4, 5.5, 4.625, 7], "texture": "#0"},
				"west": {"uv": [3.375, 5.5, 4, 7], "texture": "#0"},
				"up": {"uv": [0, 0, 0, 0], "texture": "#0"},
				"down": {"uv": [0, 0, 0, 0], "texture": "#0"}
			}
		},
		{
			"name": "head_leave",
			"from": [6, 19, 7],
			"to": [10, 32, 11],
			"faces": {
				"north": {"uv": [0.5, 5.75, 1, 7.25], "texture": "#0"},
				"east": {"uv": [0, 5.75, 0.5, 7.25], "texture": "#0"},
				"south": {"uv": [1.5, 5.75, 2, 7.25], "texture": "#0"},
				"west": {"uv": [1, 5.75, 1.5, 7.25], "texture": "#0"},
				"up": {"uv": [0, 0, 0, 0], "texture": "#0"},
				"down": {"uv": [0, 0, 0, 0], "texture": "#0"}
			}
		},
		{
			"name": "head_leave",
			"from": [3, 19, 9],
			"to": [13, 28, 9],
			"faces": {
				"north": {"uv": [0, 7.375, 1.25, 8.5], "texture": "#0"},
				"east": {"uv": [0, 7.375, 0, 8.5], "texture": "#0"},
				"south": {"uv": [1.25, 7.375, 2.5, 8.5], "texture": "#0"},
				"west": {"uv": [1.25, 7.375, 1.25, 8.5], "texture": "#0"},
				"up": {"uv": [0, 0, 0, 0], "texture": "#0"},
				"down": {"uv": [0, 0, 0, 0], "texture": "#0"}
			}
		},
		{
			"name": "head_leave",
			"from": [0.5, 19, 1.5],
			"to": [15.5, 21, 16.5],
			"faces": {
				"north": {"uv": [1.875, 15.25, 3.75, 15.5], "texture": "#0"},
				"east": {"uv": [0, 15.25, 1.875, 15.5], "texture": "#0"},
				"south": {"uv": [5.625, 15.25, 7.5, 15.5], "texture": "#0"},
				"west": {"uv": [3.75, 15.25, 5.625, 15.5], "texture": "#0"},
				"up": {"uv": [3.75, 15.25, 1.875, 13.375], "texture": "#0"},
				"down": {"uv": [5.625, 13.375, 3.75, 15.25], "texture": "#0"}
			}
		},
		{
			"name": "head_leave",
			"from": [1.5, 21, 2.5],
			"to": [14.5, 22, 15.5],
			"faces": {
				"north": {"uv": [1.625, 13, 3.25, 13.125], "texture": "#0"},
				"east": {"uv": [0, 13, 1.625, 13.125], "texture": "#0"},
				"south": {"uv": [4.875, 13, 6.5, 13.125], "texture": "#0"},
				"west": {"uv": [3.25, 13, 4.875, 13.125], "texture": "#0"},
				"up": {"uv": [3.25, 13, 1.625, 11.375], "texture": "#0"},
				"down": {"uv": [4.875, 11.375, 3.25, 13], "texture": "#0"}
			}
		},
		{
			"name": "head_leave",
			"from": [-2.5, 17, -1.5],
			"to": [18.5, 19, 19.5],
			"faces": {
				"north": {"uv": [8.125, 15.75, 10.75, 16], "texture": "#0"},
				"east": {"uv": [5.5, 15.75, 8.125, 16], "texture": "#0"},
				"south": {"uv": [13.375, 15.75, 16, 16], "texture": "#0"},
				"west": {"uv": [10.75, 15.75, 13.375, 16], "texture": "#0"},
				"up": {"uv": [10.75, 15.75, 8.125, 13.125], "texture": "#0"},
				"down": {"uv": [13.375, 13.125, 10.75, 15.75], "texture": "#0"}
			}
		},
		{
			"name": "body_sub_4",
			"from": [8, 19, 4],
			"to": [8, 28, 14],
			"shade": false,
			"faces": {
				"north": {"uv": [3.75, 7.375, 3.75, 8.5], "texture": "#0"},
				"east": {"uv": [5, 7.375, 3.75, 8.5], "texture": "#0"},
				"south": {"uv": [5, 7.375, 5, 8.5], "texture": "#0"},
				"west": {"uv": [3.75, 7.375, 2.5, 8.5], "texture": "#0"},
				"up": {"uv": [0, 0, 0, 0], "texture": "#0"},
				"down": {"uv": [0, 0, 0, 0], "texture": "#0"}
			}
		},
		{
			"name": "head_eyebrow",
			"from": [10.5, 14, 3],
			"to": [13.5, 15, 4],
			"faces": {
				"north": {"uv": [5.375, 1.375, 5.75, 1.5], "texture": "#0"},
				"east": {"uv": [5.25, 1.375, 5.375, 1.5], "texture": "#0"},
				"south": {"uv": [5.875, 1.375, 6.25, 1.5], "texture": "#0"},
				"west": {"uv": [5.75, 1.375, 5.875, 1.5], "texture": "#0"},
				"up": {"uv": [5.75, 1.375, 5.375, 1.25], "texture": "#0"},
				"down": {"uv": [6.125, 1.25, 5.75, 1.375], "texture": "#0"}
			}
		},
		{
			"name": "body_sub_6",
			"from": [2.5, 14, 3],
			"to": [5.5, 15, 4],
			"shade": false,
			"faces": {
				"north": {"uv": [5.75, 1.375, 5.375, 1.5], "texture": "#0"},
				"east": {"uv": [5.875, 1.375, 5.75, 1.5], "texture": "#0"},
				"south": {"uv": [6.25, 1.375, 5.875, 1.5], "texture": "#0"},
				"west": {"uv": [5.375, 1.375, 5.25, 1.5], "texture": "#0"},
				"up": {"uv": [5.375, 1.375, 5.75, 1.25], "texture": "#0"},
				"down": {"uv": [5.75, 1.25, 6.125, 1.375], "texture": "#0"}
			}
		},
		{
			"name": "eye",
			"from": [11.5, 11.5, 3.5],
			"to": [13.5, 12.5, 4.5],
			"faces": {
				"north": {"uv": [5.375, 1.75, 5.625, 1.875], "texture": "#0"},
				"east": {"uv": [5.25, 1.75, 5.375, 1.875], "texture": "#0"},
				"south": {"uv": [5.75, 1.75, 6, 1.875], "texture": "#0"},
				"west": {"uv": [5.625, 1.75, 5.75, 1.875], "texture": "#0"},
				"up": {"uv": [5.625, 1.75, 5.375, 1.625], "texture": "#0"},
				"down": {"uv": [5.875, 1.625, 5.625, 1.75], "texture": "#0"}
			}
		},
		{
			"name": "body_sub_8",
			"from": [2.5, 11.5, 3.5],
			"to": [4.5, 12.5, 4.5],
			"shade": false,
			"faces": {
				"north": {"uv": [5.625, 1.75, 5.375, 1.875], "texture": "#0"},
				"east": {"uv": [5.75, 1.75, 5.625, 1.875], "texture": "#0"},
				"south": {"uv": [6, 1.75, 5.75, 1.875], "texture": "#0"},
				"west": {"uv": [5.375, 1.75, 5.25, 1.875], "texture": "#0"},
				"up": {"uv": [5.375, 1.75, 5.625, 1.625], "texture": "#0"},
				"down": {"uv": [5.625, 1.625, 5.875, 1.75], "texture": "#0"}
			}
		},
		{
			"name": "right",
			"from": [9.7, -0.1, 1],
			"to": [12.7, 2.9, 5],
			"faces": {
				"north": {"uv": [5, 2.75, 4.625, 3.125], "rotation": 180, "texture": "#0"},
				"east": {"uv": [3.875, 3.125, 4.25, 3.625], "rotation": 270, "texture": "#0"},
				"south": {"uv": [4.625, 3.125, 4.25, 2.75], "texture": "#0"},
				"west": {"uv": [4.625, 3.125, 5, 3.625], "rotation": 90, "texture": "#0"},
				"up": {"uv": [4.25, 3.125, 4.625, 3.625], "rotation": 180, "texture": "#0"},
				"down": {"uv": [5, 3.125, 5.375, 3.625], "texture": "#0"}
			}
		},
		{
			"name": "left",
			"from": [3.3, -0.1, 1],
			"to": [6.3, 2.9, 5],
			"faces": {
				"north": {"uv": [5, 2.75, 4.625, 3.125], "rotation": 180, "texture": "#0"},
				"east": {"uv": [3.875, 3.125, 4.25, 3.625], "rotation": 270, "texture": "#0"},
				"south": {"uv": [4.625, 3.125, 4.25, 2.75], "texture": "#0"},
				"west": {"uv": [4.625, 3.125, 5, 3.625], "rotation": 90, "texture": "#0"},
				"up": {"uv": [4.25, 3.125, 4.625, 3.625], "rotation": 180, "texture": "#0"},
				"down": {"uv": [5, 3.125, 5.375, 3.625], "texture": "#0"}
			}
		},
		{
			"name": "armR",
			"from": [14, 3.5, 9.05],
			"to": [16, 8.5, 11.05],
			"faces": {
				"north": {"uv": [10.5, 3.625, 10.75, 4.25], "texture": "#0"},
				"east": {"uv": [10.25, 3.625, 10.5, 4.25], "texture": "#0"},
				"south": {"uv": [11, 3.625, 11.25, 4.25], "texture": "#0"},
				"west": {"uv": [10.75, 3.625, 11, 4.25], "texture": "#0"},
				"up": {"uv": [10.75, 3.625, 10.5, 3.375], "texture": "#0"},
				"down": {"uv": [11, 3.375, 10.75, 3.625], "texture": "#0"}
			}
		},
		{
			"name": "armR",
			"from": [13.7, 2.5, 8.05],
			"to": [15.7, 4.5, 10.05],
			"faces": {
				"north": {"uv": [10.5, 4.625, 10.75, 4.875], "texture": "#0"},
				"east": {"uv": [10.25, 4.625, 10.5, 4.875], "texture": "#0"},
				"south": {"uv": [11, 4.625, 11.25, 4.875], "texture": "#0"},
				"west": {"uv": [10.75, 4.625, 11, 4.875], "texture": "#0"},
				"up": {"uv": [10.75, 4.625, 10.5, 4.375], "texture": "#0"},
				"down": {"uv": [11, 4.375, 10.75, 4.625], "texture": "#0"}
			}
		},
		{
			"name": "armR",
			"from": [13, 7.5, 8.05],
			"to": [15, 9.5, 10.05],
			"faces": {
				"north": {"uv": [10.5, 3, 10.75, 3.25], "texture": "#0"},
				"east": {"uv": [10.25, 3, 10.5, 3.25], "texture": "#0"},
				"south": {"uv": [11, 3, 11.25, 3.25], "texture": "#0"},
				"west": {"uv": [10.75, 3, 11, 3.25], "texture": "#0"},
				"up": {"uv": [10.75, 3, 10.5, 2.75], "texture": "#0"},
				"down": {"uv": [11, 2.75, 10.75, 3], "texture": "#0"}
			}
		},
		{
			"name": "arms_sub_2",
			"from": [0, 3.5, 9.05],
			"to": [2, 8.5, 11.05],
			"shade": false,
			"faces": {
				"north": {"uv": [10.75, 3.625, 10.5, 4.25], "texture": "#0"},
				"east": {"uv": [11, 3.625, 10.75, 4.25], "texture": "#0"},
				"south": {"uv": [11.25, 3.625, 11, 4.25], "texture": "#0"},
				"west": {"uv": [10.5, 3.625, 10.25, 4.25], "texture": "#0"},
				"up": {"uv": [10.5, 3.625, 10.75, 3.375], "texture": "#0"},
				"down": {"uv": [10.75, 3.375, 11, 3.625], "texture": "#0"}
			}
		},
		{
			"name": "arms_sub_2",
			"from": [0.3, 2.5, 8.05],
			"to": [2.3, 4.5, 10.05],
			"shade": false,
			"faces": {
				"north": {"uv": [10.75, 4.625, 10.5, 4.875], "texture": "#0"},
				"east": {"uv": [11, 4.625, 10.75, 4.875], "texture": "#0"},
				"south": {"uv": [11.25, 4.625, 11, 4.875], "texture": "#0"},
				"west": {"uv": [10.5, 4.625, 10.25, 4.875], "texture": "#0"},
				"up": {"uv": [10.5, 4.625, 10.75, 4.375], "texture": "#0"},
				"down": {"uv": [10.75, 4.375, 11, 4.625], "texture": "#0"}
			}
		},
		{
			"name": "arms_sub_2",
			"from": [1, 7.5, 8.05],
			"to": [3, 9.5, 10.05],
			"shade": false,
			"faces": {
				"north": {"uv": [10.75, 3, 10.5, 3.25], "texture": "#0"},
				"east": {"uv": [11, 3, 10.75, 3.25], "texture": "#0"},
				"south": {"uv": [11.25, 3, 11, 3.25], "texture": "#0"},
				"west": {"uv": [10.5, 3, 10.25, 3.25], "texture": "#0"},
				"up": {"uv": [10.5, 3, 10.75, 2.75], "texture": "#0"},
				"down": {"uv": [10.75, 2.75, 11, 3], "texture": "#0"}
			}
		}
	],
	"display": {
		"thirdperson_righthand": {
			"rotation": [75, 0, -10],
			"translation": [1, 0, 14],
			"scale": [0.5, 0.5, 0.5]
		},
		"thirdperson_lefthand": {
			"rotation": [75, 0, -10],
			"translation": [1, 0, 14],
			"scale": [0.5, 0.5, 0.5]
		},
		"firstperson_righthand": {
			"rotation": [0, 100, -20],
			"translation": [8.25, -3.5, -3.5],
			"scale": [0.4, 0.4, 0.4]
		},
		"firstperson_lefthand": {
			"rotation": [-20, 100, 0],
			"translation": [6.5, -1.5, -1.25],
			"scale": [0.4, 0.4, 0.4]
		},
		"ground": {
			"translation": [0, 3.25, 0],
			"scale": [0.5, 0.5, 0.5]
		},
		"gui": {
			"rotation": [15, 135, 0],
			"translation": [0, -2, 0],
			"scale": [0.7, 0.7, 0.7]
		},
		"head": {
			"translation": [0, 12.75, 0],
			"scale": [0.8, 0.8, 0.8]
		},
		"fixed": {
			"translation": [0, 0, -5.75]
		}
	}
}