{
	"credit": "Made with Blockbench",
	"parent": "minecraft:block/orientable",
	"textures": {
		"3": "block/lava_still",
		"top": "block/blast_furnace_top",
		"front": "block/blast_furnace_front_on",
		"side": "block/blast_furnace_side",
		"particle": "block/lava_still"
	},
	"elements": [
		{
			"from": [1, 7, 9],
			"to": [2, 13, 14],
			"rotation": {"angle": 0, "axis": "y", "origin": [4.5, 10, 6.5]},
			"faces": {
				"north": {"uv": [4, 7, 5, 13], "texture": "#front"},
				"east": {"uv": [7, 7, 12, 13], "texture": "#front"},
				"south": {"uv": [4, 7, 5, 13], "texture": "#front"},
				"west": {"uv": [4, 7, 9, 13], "texture": "#front"},
				"up": {"uv": [5, 2, 10, 3], "rotation": 270, "texture": "#front"},
				"down": {"uv": [5, 2, 10, 3], "rotation": 90, "texture": "#front"}
			}
		},
		{
			"from": [1, 7, 2],
			"to": [2, 13, 7],
			"rotation": {"angle": 0, "axis": "y", "origin": [4.5, 10, 6.5]},
			"faces": {
				"north": {"uv": [4, 7, 5, 13], "texture": "#front"},
				"east": {"uv": [5, 7, 10, 13], "texture": "#front"},
				"south": {"uv": [4, 7, 5, 13], "texture": "#front"},
				"west": {"uv": [4, 7, 9, 13], "texture": "#front"},
				"up": {"uv": [5, 2, 10, 3], "rotation": 270, "texture": "#front"},
				"down": {"uv": [5, 2, 10, 3], "rotation": 90, "texture": "#front"}
			}
		},
		{
			"from": [14, 7, 9],
			"to": [15, 13, 14],
			"rotation": {"angle": 0, "axis": "y", "origin": [4.5, 10, 6.5]},
			"faces": {
				"north": {"uv": [4, 7, 5, 13], "texture": "#front"},
				"east": {"uv": [6, 7, 11, 13], "texture": "#front"},
				"south": {"uv": [4, 7, 5, 13], "texture": "#front"},
				"west": {"uv": [5, 7, 10, 13], "texture": "#front"},
				"up": {"uv": [0, 0, 5, 1], "rotation": 270, "texture": "#front"},
				"down": {"uv": [3, 2, 8, 3], "rotation": 90, "texture": "#top"}
			}
		},
		{
			"from": [14, 7, 2],
			"to": [15, 13, 7],
			"rotation": {"angle": 0, "axis": "y", "origin": [4.5, 10, 6.5]},
			"faces": {
				"north": {"uv": [4, 7, 5, 13], "texture": "#front"},
				"east": {"uv": [6, 7, 11, 13], "texture": "#front"},
				"south": {"uv": [4, 7, 5, 13], "texture": "#front"},
				"west": {"uv": [7, 7, 12, 13], "texture": "#front"},
				"up": {"uv": [0, 0, 5, 1], "rotation": 270, "texture": "#front"},
				"down": {"uv": [3, 5, 8, 6], "rotation": 90, "texture": "#top"}
			}
		},
		{
			"from": [14, 7, 7],
			"to": [15, 13, 9],
			"faces": {
				"north": {"uv": [3, 2, 4, 8], "texture": "#top"},
				"east": {"uv": [3, 2, 5, 8], "texture": "#top"},
				"south": {"uv": [3, 2, 4, 8], "texture": "#top"},
				"west": {"uv": [3, 2, 5, 8], "texture": "#top"},
				"up": {"uv": [3, 2, 4, 4], "texture": "#top"},
				"down": {"uv": [3, 2, 4, 4], "texture": "#top"}
			}
		},
		{
			"from": [1, 7, 7],
			"to": [2, 13, 9],
			"faces": {
				"north": {"uv": [3, 4, 4, 10], "texture": "#top"},
				"east": {"uv": [3, 4, 5, 10], "texture": "#top"},
				"south": {"uv": [3, 4, 4, 10], "texture": "#top"},
				"west": {"uv": [3, 4, 5, 10], "texture": "#top"},
				"up": {"uv": [3, 4, 4, 6], "texture": "#top"},
				"down": {"uv": [3, 4, 4, 6], "texture": "#top"}
			}
		},
		{
			"from": [9, 7, 1],
			"to": [14, 13, 2],
			"rotation": {"angle": 0, "axis": "y", "origin": [4.5, 10, 8]},
			"faces": {
				"north": {"uv": [4, 7, 9, 13], "texture": "#front"},
				"east": {"uv": [4, 7, 5, 13], "texture": "#front"},
				"south": {"uv": [5, 7, 10, 13], "texture": "#front"},
				"west": {"uv": [4, 7, 5, 13], "texture": "#front"},
				"up": {"uv": [5, 2, 10, 3], "texture": "#front"},
				"down": {"uv": [5, 2, 10, 3], "texture": "#front"}
			}
		},
		{
			"from": [7, 7, 1],
			"to": [9, 13, 2],
			"rotation": {"angle": 0, "axis": "y", "origin": [4.5, 10, 8]},
			"faces": {
				"north": {"uv": [3, 4, 5, 10], "texture": "#top"},
				"east": {"uv": [3, 4, 4, 10], "texture": "#top"},
				"south": {"uv": [3, 4, 5, 10], "texture": "#top"},
				"west": {"uv": [3, 4, 4, 10], "texture": "#top"},
				"up": {"uv": [3, 4, 4, 6], "rotation": 90, "texture": "#top"},
				"down": {"uv": [3, 4, 4, 6], "rotation": 270, "texture": "#top"}
			}
		},
		{
			"from": [2, 7, 1],
			"to": [7, 13, 2],
			"rotation": {"angle": 0, "axis": "y", "origin": [4.5, 10, 8]},
			"faces": {
				"north": {"uv": [4, 7, 9, 13], "texture": "#front"},
				"east": {"uv": [4, 7, 5, 13], "texture": "#front"},
				"south": {"uv": [7, 7, 12, 13], "texture": "#front"},
				"west": {"uv": [4, 7, 5, 13], "texture": "#front"},
				"up": {"uv": [5, 2, 10, 3], "texture": "#front"},
				"down": {"uv": [5, 2, 10, 3], "texture": "#front"}
			}
		},
		{
			"from": [2, 7, 14],
			"to": [7, 13, 15],
			"rotation": {"angle": 0, "axis": "y", "origin": [8, 10, 10.5]},
			"faces": {
				"north": {"uv": [5, 7, 10, 13], "texture": "#front"},
				"east": {"uv": [4, 7, 5, 13], "texture": "#front"},
				"south": {"uv": [4, 7, 9, 13], "texture": "#front"},
				"west": {"uv": [4, 7, 5, 13], "texture": "#front"},
				"up": {"uv": [5, 2, 10, 3], "rotation": 180, "texture": "#front"},
				"down": {"uv": [5, 2, 10, 3], "rotation": 180, "texture": "#front"}
			}
		},
		{
			"from": [7, 7, 14],
			"to": [9, 13, 15],
			"rotation": {"angle": 0, "axis": "y", "origin": [8, 10, 10.5]},
			"faces": {
				"north": {"uv": [3, 4, 5, 10], "texture": "#top"},
				"east": {"uv": [3, 4, 4, 10], "texture": "#top"},
				"south": {"uv": [3, 4, 5, 10], "texture": "#top"},
				"west": {"uv": [3, 4, 4, 10], "texture": "#top"},
				"up": {"uv": [3, 4, 4, 6], "rotation": 270, "texture": "#top"},
				"down": {"uv": [3, 4, 4, 6], "rotation": 90, "texture": "#top"}
			}
		},
		{
			"from": [9, 7, 14],
			"to": [14, 13, 15],
			"rotation": {"angle": 0, "axis": "y", "origin": [8, 10, 10.5]},
			"faces": {
				"north": {"uv": [7, 7, 12, 13], "texture": "#front"},
				"east": {"uv": [4, 7, 5, 13], "texture": "#front"},
				"south": {"uv": [4, 7, 9, 13], "texture": "#front"},
				"west": {"uv": [4, 7, 5, 13], "texture": "#front"},
				"up": {"uv": [5, 2, 10, 3], "rotation": 180, "texture": "#front"},
				"down": {"uv": [5, 2, 10, 3], "rotation": 180, "texture": "#front"}
			}
		},
		{
			"from": [0, 7, 0],
			"to": [1, 16, 16],
			"faces": {
				"north": {"uv": [0, 0, 1, 9], "texture": "#top"},
				"east": {"uv": [0, 1, 16, 10], "texture": "#top"},
				"south": {"uv": [0, 0, 1, 9], "texture": "#top"},
				"west": {"uv": [0, 0, 16, 9], "texture": "#top"},
				"up": {"uv": [0, 0, 1, 16], "texture": "#top"},
				"down": {"uv": [0, 0, 1, 16], "texture": "#top"}
			}
		},
		{
			"from": [15, 7, 0],
			"to": [16, 16, 16],
			"faces": {
				"north": {"uv": [0, 0, 1, 9], "texture": "#top"},
				"east": {"uv": [0, 0, 16, 9], "texture": "#top"},
				"south": {"uv": [0, 0, 1, 9], "texture": "#top"},
				"west": {"uv": [0, 1, 16, 10], "texture": "#top"},
				"up": {"uv": [0, 0, 1, 16], "texture": "#top"},
				"down": {"uv": [0, 0, 1, 16], "texture": "#top"}
			}
		},
		{
			"from": [1, 7, 0],
			"to": [15, 16, 1],
			"faces": {
				"north": {"uv": [1, 0, 15, 9], "texture": "#top"},
				"east": {"uv": [0, 1, 1, 10], "texture": "#top"},
				"south": {"uv": [1, 1, 15, 10], "texture": "#top"},
				"west": {"uv": [0, 1, 1, 10], "texture": "#top"},
				"up": {"uv": [0, 0, 14, 1], "texture": "#top"},
				"down": {"uv": [0, 0, 14, 1], "texture": "#top"}
			}
		},
		{
			"from": [1, 7, 15],
			"to": [15, 16, 16],
			"faces": {
				"north": {"uv": [1, 1, 15, 10], "texture": "#top"},
				"east": {"uv": [0, 1, 1, 10], "texture": "#top"},
				"south": {"uv": [1, 0, 15, 9], "texture": "#top"},
				"west": {"uv": [0, 1, 1, 10], "texture": "#top"},
				"up": {"uv": [0, 0, 14, 1], "texture": "#top"},
				"down": {"uv": [0, 0, 14, 1], "texture": "#top"}
			}
		},
		{
			"from": [13, 13, 1],
			"to": [15, 14, 15],
			"faces": {
				"north": {"uv": [2, 3, 4, 4], "texture": "#top"},
				"east": {"uv": [1, 4, 15, 5], "texture": "#top"},
				"south": {"uv": [3, 4, 5, 5], "texture": "#top"},
				"west": {"uv": [1, 4, 15, 5], "texture": "#top"},
				"up": {"uv": [5, 1, 7, 15], "texture": "#top"},
				"down": {"uv": [5, 1, 7, 15], "texture": "#top"}
			}
		},
		{
			"from": [1, 13, 1],
			"to": [3, 14, 15],
			"faces": {
				"north": {"uv": [2, 2, 4, 3], "texture": "#top"},
				"east": {"uv": [1, 4, 15, 5], "texture": "#top"},
				"south": {"uv": [2, 2, 4, 3], "texture": "#top"},
				"west": {"uv": [1, 4, 15, 5], "texture": "#top"},
				"up": {"uv": [5, 1, 7, 15], "texture": "#top"},
				"down": {"uv": [5, 1, 7, 15], "texture": "#top"}
			}
		},
		{
			"from": [3, 13, 1],
			"to": [13, 14, 3],
			"faces": {
				"north": {"uv": [3, 4, 13, 5], "texture": "#top"},
				"east": {"uv": [3, 4, 5, 5], "texture": "#top"},
				"south": {"uv": [3, 4, 13, 5], "texture": "#top"},
				"west": {"uv": [3, 4, 5, 5], "texture": "#top"},
				"up": {"uv": [3, 4, 13, 6], "texture": "#top"},
				"down": {"uv": [3, 4, 13, 6], "texture": "#top"}
			}
		},
		{
			"from": [3, 13, 13],
			"to": [13, 14, 15],
			"faces": {
				"north": {"uv": [2, 5, 12, 6], "texture": "#top"},
				"east": {"uv": [3, 3, 5, 4], "texture": "#top"},
				"south": {"uv": [2, 5, 12, 6], "texture": "#top"},
				"west": {"uv": [2, 3, 4, 4], "texture": "#top"},
				"up": {"uv": [2, 4, 12, 6], "texture": "#top"},
				"down": {"uv": [2, 4, 12, 6], "texture": "#top"}
			}
		},
		{
			"from": [12, 0, 12],
			"to": [16, 7, 16],
			"faces": {
				"north": {"uv": [6, 16, 2, 9], "texture": "#side"},
				"east": {"uv": [6, 16, 2, 9], "texture": "#side"},
				"south": {"uv": [2, 16, 6, 9], "texture": "#side"},
				"west": {"uv": [2, 16, 6, 9], "texture": "#side"},
				"up": {"uv": [12, 12, 16, 16], "texture": "#top"},
				"down": {"uv": [0, 0, 4, 4], "texture": "#side"}
			}
		},
		{
			"from": [12, 0, 0],
			"to": [16, 7, 4],
			"faces": {
				"north": {"uv": [6, 16, 2, 9], "texture": "#side"},
				"east": {"uv": [6, 16, 2, 9], "texture": "#side"},
				"south": {"uv": [2, 16, 6, 9], "texture": "#side"},
				"west": {"uv": [2, 16, 6, 9], "texture": "#side"},
				"up": {"uv": [12, 0, 16, 4], "texture": "#top"},
				"down": {"uv": [0, 0, 4, 4], "texture": "#side"}
			}
		},
		{
			"from": [12, 2, 4],
			"to": [14, 7, 12],
			"faces": {
				"north": {"uv": [5, 15, 3, 10], "texture": "#side"},
				"east": {"uv": [13, 15, 5, 10], "texture": "#side"},
				"south": {"uv": [3, 15, 5, 10], "texture": "#side"},
				"west": {"uv": [5, 10, 13, 15], "texture": "#side"},
				"up": {"uv": [6, 2, 8, 10], "texture": "#top"},
				"down": {"uv": [6, 1, 8, 9], "texture": "#side"}
			}
		},
		{
			"from": [4, 1, 4],
			"to": [12, 7, 12],
			"faces": {
				"north": {"uv": [12, 11, 4, 5], "texture": "#top"},
				"east": {"uv": [12, 10, 4, 4], "texture": "#top"},
				"south": {"uv": [4, 10, 12, 4], "texture": "#top"},
				"west": {"uv": [4, 3, 12, 9], "texture": "#top"},
				"up": {"uv": [4, 3, 12, 11], "texture": "#top"},
				"down": {"uv": [4, 3, 12, 11], "texture": "#top"}
			}
		},
		{
			"from": [2, 2, 4],
			"to": [4, 7, 12],
			"faces": {
				"north": {"uv": [5, 15, 3, 10], "texture": "#side"},
				"east": {"uv": [13, 15, 5, 10], "texture": "#side"},
				"south": {"uv": [3, 15, 5, 10], "texture": "#side"},
				"west": {"uv": [5, 10, 13, 15], "texture": "#side"},
				"up": {"uv": [6, 1, 8, 9], "texture": "#side"},
				"down": {"uv": [6, 1, 8, 9], "texture": "#side"}
			}
		},
		{
			"from": [4, 2, 2],
			"to": [12, 7, 4],
			"rotation": {"angle": 0, "axis": "y", "origin": [7, 4.5, 8]},
			"faces": {
				"north": {"uv": [13, 15, 5, 10], "texture": "#side"},
				"east": {"uv": [3, 15, 5, 10], "texture": "#side"},
				"south": {"uv": [5, 10, 13, 15], "texture": "#side"},
				"west": {"uv": [5, 15, 3, 10], "texture": "#side"},
				"up": {"uv": [6, 1, 8, 9], "rotation": 270, "texture": "#side"},
				"down": {"uv": [6, 1, 8, 9], "rotation": 90, "texture": "#side"}
			}
		},
		{
			"from": [4, 2, 12],
			"to": [12, 7, 14],
			"rotation": {"angle": 0, "axis": "y", "origin": [7, 4.5, 8]},
			"faces": {
				"north": {"uv": [13, 15, 5, 10], "texture": "#side"},
				"east": {"uv": [3, 15, 5, 10], "texture": "#side"},
				"south": {"uv": [5, 10, 13, 15], "texture": "#side"},
				"west": {"uv": [5, 15, 3, 10], "texture": "#side"},
				"up": {"uv": [6, 1, 8, 9], "rotation": 270, "texture": "#side"},
				"down": {"uv": [6, 1, 8, 9], "rotation": 90, "texture": "#side"}
			}
		},
		{
			"from": [12, 0, 4],
			"to": [16, 2, 12],
			"faces": {
				"north": {"uv": [10, 4, 6, 2], "texture": "#side"},
				"east": {"uv": [13, 8, 5, 6], "texture": "#side"},
				"south": {"uv": [6, 4, 10, 2], "texture": "#side"},
				"west": {"uv": [5, 6, 13, 8], "texture": "#side"},
				"up": {"uv": [5, 1, 9, 9], "texture": "#side"},
				"down": {"uv": [5, 1, 9, 9], "texture": "#side"}
			}
		},
		{
			"from": [0, 0, 4],
			"to": [4, 2, 12],
			"faces": {
				"north": {"uv": [10, 4, 6, 2], "texture": "#side"},
				"east": {"uv": [13, 8, 5, 6], "texture": "#side"},
				"south": {"uv": [6, 4, 10, 2], "texture": "#side"},
				"west": {"uv": [5, 6, 13, 8], "texture": "#side"},
				"up": {"uv": [5, 1, 9, 9], "texture": "#side"},
				"down": {"uv": [5, 1, 9, 9], "texture": "#side"}
			}
		},
		{
			"from": [4, 0, 0],
			"to": [12, 2, 4],
			"rotation": {"angle": 0, "axis": "y", "origin": [7, 1, 8]},
			"faces": {
				"north": {"uv": [13, 8, 5, 6], "texture": "#side"},
				"east": {"uv": [6, 4, 10, 2], "texture": "#side"},
				"south": {"uv": [5, 6, 13, 8], "texture": "#side"},
				"west": {"uv": [10, 4, 6, 2], "texture": "#side"},
				"up": {"uv": [5, 1, 9, 9], "rotation": 270, "texture": "#side"},
				"down": {"uv": [5, 1, 9, 9], "rotation": 90, "texture": "#side"}
			}
		},
		{
			"from": [4, 0, 12],
			"to": [12, 2, 16],
			"rotation": {"angle": 0, "axis": "y", "origin": [7, 1, 8]},
			"faces": {
				"north": {"uv": [13, 8, 5, 6], "texture": "#side"},
				"east": {"uv": [6, 4, 10, 2], "texture": "#side"},
				"south": {"uv": [5, 6, 13, 8], "texture": "#side"},
				"west": {"uv": [10, 4, 6, 2], "texture": "#side"},
				"up": {"uv": [5, 1, 9, 9], "rotation": 270, "texture": "#side"},
				"down": {"uv": [5, 1, 9, 9], "rotation": 90, "texture": "#side"}
			}
		},
		{
			"from": [0, 0, 0],
			"to": [4, 7, 4],
			"faces": {
				"north": {"uv": [6, 16, 2, 9], "texture": "#side"},
				"east": {"uv": [6, 16, 2, 9], "texture": "#side"},
				"south": {"uv": [2, 16, 6, 9], "texture": "#side"},
				"west": {"uv": [2, 16, 6, 9], "texture": "#side"},
				"up": {"uv": [0, 0, 4, 4], "texture": "#top"},
				"down": {"uv": [0, 0, 4, 4], "texture": "#side"}
			}
		},
		{
			"from": [0, 0, 12],
			"to": [4, 7, 16],
			"faces": {
				"north": {"uv": [6, 16, 2, 9], "texture": "#side"},
				"east": {"uv": [6, 16, 2, 9], "texture": "#side"},
				"south": {"uv": [2, 16, 6, 9], "texture": "#side"},
				"west": {"uv": [2, 16, 6, 9], "texture": "#side"},
				"up": {"uv": [0, 12, 4, 16], "texture": "#top"},
				"down": {"uv": [0, 0, 4, 4], "texture": "#side"}
			}
		},
		{
			"from": [5, 7, 5],
			"to": [11, 13, 11],
			"faces": {
				"north": {"uv": [5, 9, 11, 15], "texture": "#side"},
				"east": {"uv": [5, 9, 11, 15], "texture": "#side"},
				"south": {"uv": [5, 9, 11, 15], "texture": "#side"},
				"west": {"uv": [5, 9, 11, 15], "texture": "#side"},
				"up": {"uv": [5, 9, 11, 15], "texture": "#side"},
				"down": {"uv": [5, 9, 11, 15], "texture": "#side"}
			}
		},
		{
			"from": [5, 13, 10],
			"to": [11, 16, 11],
			"faces": {
				"north": {"uv": [5, 9, 11, 12], "texture": "#side"},
				"east": {"uv": [5, 9, 6, 12], "texture": "#side"},
				"south": {"uv": [5, 9, 11, 12], "texture": "#side"},
				"west": {"uv": [5, 9, 6, 12], "texture": "#side"},
				"up": {"uv": [5, 9, 11, 10], "texture": "#side"},
				"down": {"uv": [5, 9, 11, 10], "texture": "#side"}
			}
		},
		{
			"from": [5, 13, 5],
			"to": [11, 16, 6],
			"faces": {
				"north": {"uv": [5, 9, 11, 12], "texture": "#side"},
				"east": {"uv": [5, 9, 6, 12], "texture": "#side"},
				"south": {"uv": [5, 9, 11, 12], "texture": "#side"},
				"west": {"uv": [5, 9, 6, 12], "texture": "#side"},
				"up": {"uv": [5, 9, 11, 10], "texture": "#side"},
				"down": {"uv": [5, 9, 11, 10], "texture": "#side"}
			}
		},
		{
			"from": [5, 13, 6],
			"to": [6, 16, 10],
			"faces": {
				"north": {"uv": [5, 9, 6, 12], "texture": "#side"},
				"east": {"uv": [5, 9, 9, 12], "texture": "#side"},
				"south": {"uv": [5, 9, 6, 12], "texture": "#side"},
				"west": {"uv": [5, 9, 9, 12], "texture": "#side"},
				"up": {"uv": [5, 9, 6, 13], "texture": "#side"},
				"down": {"uv": [5, 9, 6, 13], "texture": "#side"}
			}
		},
		{
			"from": [6, 13, 6],
			"to": [10, 15, 10],
			"faces": {
				"north": {"uv": [0, 0, 4, 2], "texture": "#3"},
				"east": {"uv": [0, 0, 4, 2], "texture": "#3"},
				"south": {"uv": [0, 0, 4, 2], "texture": "#3"},
				"west": {"uv": [0, 0, 4, 2], "texture": "#3"},
				"up": {"uv": [0, 0, 4, 4], "texture": "#3"},
				"down": {"uv": [0, 0, 4, 4], "texture": "#3"}
			}
		},
		{
			"from": [10, 13, 6],
			"to": [11, 16, 10],
			"faces": {
				"north": {"uv": [5, 9, 6, 12], "texture": "#side"},
				"east": {"uv": [5, 9, 9, 12], "texture": "#side"},
				"south": {"uv": [5, 9, 6, 12], "texture": "#side"},
				"west": {"uv": [5, 9, 9, 12], "texture": "#side"},
				"up": {"uv": [5, 9, 6, 13], "texture": "#side"},
				"down": {"uv": [5, 9, 6, 13], "texture": "#side"}
			}
		}
	]
}