{
	"credit": "Made with Blockbench",
	"parent": "minecraft:block/orientable",
	"textures": {
		"2": "block/stripped_dark_oak_log",
		"3": "block/g2",
		"5": "block/stripped_spruce_log",
		"6": "block/white_concrete",
		"7": "block/white_concrete_powder",
		"8": "block/white_shulker_box",
		"9": "block/white_terracotta",
		"10": "block/cyan_concrete",
		"12": "block/red_concrete",
		"13": "block/yellow_concrete",
		"14": "block/sea_lantern",
		"particle": "block/g2"
	},
	"elements": [
		{
			"from": [5, 7, 0],
			"to": [15, 8, 0],
			"faces": {
				"north": {"uv": [2, 11, 12, 12], "texture": "#3"},
				"east": {"uv": [0, 0, 0, 1], "texture": "#3"},
				"south": {"uv": [2, 1, 12, 2], "texture": "#3"},
				"west": {"uv": [0, 0, 0, 1], "texture": "#3"},
				"up": {"uv": [0, 0, 12, 0], "texture": "#3"},
				"down": {"uv": [0, 0, 12, 0], "texture": "#3"}
			}
		},
		{
			"from": [5, 14, 0],
			"to": [15, 15, 0],
			"faces": {
				"north": {"uv": [2, 3, 12, 4], "texture": "#3"},
				"east": {"uv": [0, 0, 0, 1], "texture": "#3"},
				"south": {"uv": [2, 1, 12, 2], "texture": "#3"},
				"west": {"uv": [0, 0, 0, 1], "texture": "#3"},
				"up": {"uv": [0, 0, 12, 0], "texture": "#3"},
				"down": {"uv": [0, 0, 12, 0], "texture": "#3"}
			}
		},
		{
			"from": [4, 7, 0],
			"to": [5, 15, 0],
			"faces": {
				"north": {"uv": [13, 4, 14, 12], "texture": "#3"},
				"east": {"uv": [0, 0, 0, 7], "texture": "#3"},
				"south": {"uv": [0, 0, 1, 8], "texture": "#3"},
				"west": {"uv": [0, 0, 0, 7], "texture": "#3"},
				"up": {"uv": [0, 0, 1, 0], "texture": "#3"},
				"down": {"uv": [0, 0, 1, 0], "texture": "#3"}
			}
		},
		{
			"from": [14, 8, 0],
			"to": [15, 14, 0],
			"faces": {
				"north": {"uv": [2, 4, 3, 10], "texture": "#3"},
				"east": {"uv": [0, 0, 0, 7], "texture": "#3"},
				"south": {"uv": [0, 3, 1, 9], "texture": "#3"},
				"west": {"uv": [0, 0, 0, 7], "texture": "#3"},
				"up": {"uv": [0, 0, 1, 0], "texture": "#3"},
				"down": {"uv": [0, 0, 1, 0], "texture": "#3"}
			}
		},
		{
			"from": [12, 10, 0],
			"to": [13, 11, 0],
			"faces": {
				"north": {"uv": [4, 7, 5, 8], "texture": "#3"},
				"east": {"uv": [0, 0, 0, 1], "texture": "#3"},
				"south": {"uv": [5, 1, 6, 2], "texture": "#3"},
				"west": {"uv": [0, 0, 0, 1], "texture": "#3"},
				"up": {"uv": [0, 0, 1, 0], "texture": "#3"},
				"down": {"uv": [0, 0, 1, 0], "texture": "#3"}
			}
		},
		{
			"from": [11, 11, 0],
			"to": [12, 12, 0],
			"faces": {
				"north": {"uv": [5, 6, 6, 7], "texture": "#3"},
				"east": {"uv": [0, 0, 0, 1], "texture": "#3"},
				"south": {"uv": [5, 1, 6, 2], "texture": "#3"},
				"west": {"uv": [0, 0, 0, 1], "texture": "#3"},
				"up": {"uv": [0, 0, 1, 0], "texture": "#3"},
				"down": {"uv": [0, 0, 1, 0], "texture": "#3"}
			}
		},
		{
			"from": [10, 12, 0],
			"to": [11, 13, 0],
			"faces": {
				"north": {"uv": [6, 5, 7, 6], "texture": "#3"},
				"east": {"uv": [0, 0, 0, 1], "texture": "#3"},
				"south": {"uv": [5, 1, 6, 2], "texture": "#3"},
				"west": {"uv": [0, 0, 0, 1], "texture": "#3"},
				"up": {"uv": [0, 0, 1, 0], "texture": "#3"},
				"down": {"uv": [0, 0, 1, 0], "texture": "#3"}
			}
		},
		{
			"from": [6, 8, 0],
			"to": [7, 9, 0],
			"faces": {
				"north": {"uv": [10, 9, 11, 10], "texture": "#3"},
				"east": {"uv": [0, 0, 0, 1], "texture": "#3"},
				"south": {"uv": [6, 1, 7, 2], "texture": "#3"},
				"west": {"uv": [0, 0, 0, 1], "texture": "#3"},
				"up": {"uv": [0, 0, 1, 0], "texture": "#3"},
				"down": {"uv": [0, 0, 1, 0], "texture": "#3"}
			}
		},
		{
			"from": [5, 9, 0],
			"to": [6, 10, 0],
			"faces": {
				"north": {"uv": [11, 8, 12, 9], "texture": "#3"},
				"east": {"uv": [0, 0, 0, 1], "texture": "#3"},
				"south": {"uv": [5, 1, 6, 2], "texture": "#3"},
				"west": {"uv": [0, 0, 0, 1], "texture": "#3"},
				"up": {"uv": [0, 0, 1, 0], "texture": "#3"},
				"down": {"uv": [0, 0, 1, 0], "texture": "#3"}
			}
		},
		{
			"from": [0, 15, 0],
			"to": [16, 16, 9],
			"faces": {
				"north": {"uv": [0, 0, 16, 1], "texture": "#8"},
				"east": {"uv": [0, 0, 9, 1], "texture": "#8"},
				"south": {"uv": [0, 0, 16, 1], "texture": "#8"},
				"west": {"uv": [3, 2, 12, 3], "texture": "#8"},
				"up": {"uv": [0, 7, 16, 16], "texture": "#8"},
				"down": {"uv": [0, 3, 16, 12], "texture": "#14"}
			}
		},
		{
			"from": [0, 6, 0],
			"to": [16, 7, 9],
			"faces": {
				"north": {"uv": [0, 0, 16, 1], "texture": "#8"},
				"east": {"uv": [0, 0, 9, 1], "texture": "#8"},
				"south": {"uv": [0, 0, 16, 1], "texture": "#8"},
				"west": {"uv": [0, 0, 9, 1], "texture": "#8"},
				"up": {"uv": [0, 3, 16, 12], "texture": "#14"},
				"down": {"uv": [0, 0, 16, 9], "texture": "#8"}
			}
		},
		{
			"from": [15, 7, 0],
			"to": [16, 15, 9],
			"faces": {
				"north": {"uv": [3, 4, 4, 12], "texture": "#8"},
				"east": {"uv": [0, 4, 9, 12], "texture": "#8"},
				"south": {"uv": [0, 0, 1, 8], "texture": "#8"},
				"west": {"uv": [3, 4, 12, 12], "texture": "#14"},
				"up": {"uv": [0, 0, 1, 9], "texture": "#8"},
				"down": {"uv": [0, 0, 1, 9], "texture": "#8"}
			}
		},
		{
			"from": [15, 1, 0],
			"to": [16, 6, 15],
			"faces": {
				"north": {"uv": [0, 0, 1, 5], "texture": "#5"},
				"east": {"uv": [1, 0, 16, 5], "texture": "#5"},
				"south": {"uv": [0, 0, 1, 5], "texture": "#5"},
				"west": {"uv": [0, 0, 15, 5], "texture": "#5"},
				"up": {"uv": [0, 0, 1, 15], "texture": "#5"},
				"down": {"uv": [0, 0, 1, 15], "texture": "#5"}
			}
		},
		{
			"from": [15, 6, 9],
			"to": [16, 16, 15],
			"faces": {
				"north": {"uv": [0, 0, 1, 10], "texture": "#5"},
				"east": {"uv": [1, 0, 7, 10], "texture": "#5"},
				"south": {"uv": [0, 0, 1, 10], "texture": "#5"},
				"west": {"uv": [0, 0, 6, 10], "texture": "#5"},
				"up": {"uv": [0, 0, 1, 6], "texture": "#5"},
				"down": {"uv": [0, 0, 1, 6], "texture": "#5"}
			}
		},
		{
			"from": [0, 6, 9],
			"to": [1, 16, 15],
			"faces": {
				"north": {"uv": [0, 0, 1, 10], "texture": "#5"},
				"east": {"uv": [0, 0, 6, 10], "texture": "#5"},
				"south": {"uv": [0, 0, 1, 10], "texture": "#5"},
				"west": {"uv": [9, 0, 15, 10], "texture": "#5"},
				"up": {"uv": [0, 0, 1, 6], "texture": "#5"},
				"down": {"uv": [0, 0, 1, 6], "texture": "#5"}
			}
		},
		{
			"from": [0, 1, 0],
			"to": [1, 6, 15],
			"faces": {
				"north": {"uv": [0, 0, 1, 5], "texture": "#5"},
				"east": {"uv": [0, 0, 15, 5], "texture": "#5"},
				"south": {"uv": [0, 0, 1, 5], "texture": "#5"},
				"west": {"uv": [0, 0, 15, 5], "texture": "#5"},
				"up": {"uv": [0, 0, 1, 15], "texture": "#5"},
				"down": {"uv": [0, 0, 1, 15], "texture": "#5"}
			}
		},
		{
			"from": [0, 7, 0],
			"to": [4, 15, 9],
			"faces": {
				"north": {"uv": [9, 4, 13, 12], "texture": "#8"},
				"east": {"uv": [3, 4, 12, 12], "texture": "#14"},
				"south": {"uv": [0, 0, 4, 8], "texture": "#8"},
				"west": {"uv": [7, 4, 16, 12], "texture": "#8"},
				"up": {"uv": [0, 0, 4, 9], "texture": "#8"},
				"down": {"uv": [0, 0, 4, 9], "texture": "#8"}
			}
		},
		{
			"from": [4, 7, 8],
			"to": [15, 15, 9],
			"faces": {
				"north": {"uv": [3, 7, 14, 15], "texture": "#14"},
				"east": {"uv": [0, 0, 1, 8], "texture": "#missing"},
				"south": {"uv": [0, 0, 11, 8], "texture": "#missing"},
				"west": {"uv": [0, 0, 1, 8], "texture": "#missing"},
				"up": {"uv": [0, 0, 11, 1], "texture": "#missing"},
				"down": {"uv": [0, 0, 11, 1], "texture": "#missing"}
			}
		},
		{
			"from": [0, 0, 15],
			"to": [16, 16, 16],
			"faces": {
				"north": {"uv": [0, 0, 16, 16], "texture": "#5"},
				"east": {"uv": [0, 0, 1, 16], "texture": "#5"},
				"south": {"uv": [0, 0, 16, 16], "texture": "#5"},
				"west": {"uv": [0, 0, 1, 16], "texture": "#5"},
				"up": {"uv": [0, 0, 16, 1], "texture": "#5"},
				"down": {"uv": [0, 0, 16, 1], "texture": "#5"}
			}
		},
		{
			"from": [0, 0, 0],
			"to": [16, 1, 15],
			"faces": {
				"north": {"uv": [0, 0, 16, 1], "texture": "#5"},
				"east": {"uv": [0, 0, 15, 1], "texture": "#5"},
				"south": {"uv": [0, 0, 16, 1], "texture": "#5"},
				"west": {"uv": [0, 0, 15, 1], "texture": "#5"},
				"up": {"uv": [0, 0, 16, 15], "texture": "#5"},
				"down": {"uv": [0, 0, 16, 15], "texture": "#5"}
			}
		},
		{
			"from": [1, 5, 0],
			"to": [15, 6, 15],
			"faces": {
				"north": {"uv": [0, 0, 14, 1], "texture": "#5"},
				"east": {"uv": [0, 0, 15, 1], "texture": "#5"},
				"south": {"uv": [0, 0, 14, 1], "texture": "#5"},
				"west": {"uv": [0, 0, 15, 1], "texture": "#5"},
				"up": {"uv": [0, 0, 14, 15], "texture": "#5"},
				"down": {"uv": [0, 0, 14, 15], "texture": "#5"}
			}
		},
		{
			"from": [1, 14, 9],
			"to": [15, 15, 15],
			"faces": {
				"north": {"uv": [0, 0, 14, 1], "texture": "#5"},
				"east": {"uv": [0, 0, 6, 1], "texture": "#5"},
				"south": {"uv": [0, 0, 14, 1], "texture": "#5"},
				"west": {"uv": [0, 0, 6, 1], "texture": "#5"},
				"up": {"uv": [0, 0, 14, 6], "texture": "#5"},
				"down": {"uv": [0, 0, 14, 6], "texture": "#5"}
			}
		},
		{
			"from": [3, 14, -0.25],
			"to": [4, 15, 0],
			"faces": {
				"north": {"uv": [0, 0, 1, 1], "texture": "#2"},
				"east": {"uv": [0, 0, 0.25, 1], "texture": "#2"},
				"south": {"uv": [0, 0, 1, 1], "texture": "#2"},
				"west": {"uv": [0, 0, 0.25, 1], "texture": "#2"},
				"up": {"uv": [0, 0, 1, 0.25], "texture": "#2"},
				"down": {"uv": [0, 0, 1, 0.25], "texture": "#2"}
			}
		},
		{
			"from": [1, 14, -0.25],
			"to": [2, 15, 0],
			"faces": {
				"north": {"uv": [0, 0, 1, 1], "texture": "#2"},
				"east": {"uv": [0, 0, 0.25, 1], "texture": "#2"},
				"south": {"uv": [0, 0, 1, 1], "texture": "#2"},
				"west": {"uv": [0, 0, 0.25, 1], "texture": "#2"},
				"up": {"uv": [0, 0, 1, 0.25], "texture": "#2"},
				"down": {"uv": [0, 0, 1, 0.25], "texture": "#2"}
			}
		},
		{
			"from": [3, 12, -0.25],
			"to": [4, 13, 0],
			"faces": {
				"north": {"uv": [0, 0, 1, 1], "texture": "#2"},
				"east": {"uv": [0, 0, 0.25, 1], "texture": "#2"},
				"south": {"uv": [0, 0, 1, 1], "texture": "#2"},
				"west": {"uv": [0, 0, 0.25, 1], "texture": "#2"},
				"up": {"uv": [0, 0, 1, 0.25], "texture": "#2"},
				"down": {"uv": [0, 0, 1, 0.25], "texture": "#2"}
			}
		},
		{
			"from": [1, 12, -0.25],
			"to": [2, 13, 0],
			"faces": {
				"north": {"uv": [0, 0, 1, 1], "texture": "#2"},
				"east": {"uv": [0, 0, 0.25, 1], "texture": "#2"},
				"south": {"uv": [0, 0, 1, 1], "texture": "#2"},
				"west": {"uv": [0, 0, 0.25, 1], "texture": "#2"},
				"up": {"uv": [0, 0, 1, 0.25], "texture": "#2"},
				"down": {"uv": [0, 0, 1, 0.25], "texture": "#2"}
			}
		},
		{
			"from": [1, 10, -0.25],
			"to": [2, 11, 0],
			"faces": {
				"north": {"uv": [0, 0, 1, 1], "texture": "#2"},
				"east": {"uv": [0, 0, 0.25, 1], "texture": "#2"},
				"south": {"uv": [0, 0, 1, 1], "texture": "#2"},
				"west": {"uv": [0, 0, 0.25, 1], "texture": "#2"},
				"up": {"uv": [0, 0, 1, 0.25], "texture": "#2"},
				"down": {"uv": [0, 0, 1, 0.25], "texture": "#2"}
			}
		},
		{
			"from": [1, 8, -0.25],
			"to": [2, 9, 0],
			"faces": {
				"north": {"uv": [0, 0, 1, 1], "texture": "#2"},
				"east": {"uv": [0, 0, 0.25, 1], "texture": "#2"},
				"south": {"uv": [0, 0, 1, 1], "texture": "#2"},
				"west": {"uv": [0, 0, 0.25, 1], "texture": "#2"},
				"up": {"uv": [0, 0, 1, 0.25], "texture": "#2"},
				"down": {"uv": [0, 0, 1, 0.25], "texture": "#2"}
			}
		},
		{
			"from": [3, 10, -0.25],
			"to": [4, 11, 0],
			"faces": {
				"north": {"uv": [0, 0, 1, 1], "texture": "#2"},
				"east": {"uv": [0, 0, 0.25, 1], "texture": "#2"},
				"south": {"uv": [0, 0, 1, 1], "texture": "#2"},
				"west": {"uv": [0, 0, 0.25, 1], "texture": "#2"},
				"up": {"uv": [0, 0, 1, 0.25], "texture": "#2"},
				"down": {"uv": [0, 0, 1, 0.25], "texture": "#2"}
			}
		},
		{
			"from": [12, 15, 10],
			"to": [13, 20, 14],
			"faces": {
				"north": {"uv": [0, 0, 1, 5], "texture": "#10"},
				"east": {"uv": [0, 0, 4, 5], "texture": "#10"},
				"south": {"uv": [0, 0, 1, 5], "texture": "#10"},
				"west": {"uv": [0, 0, 4, 5], "texture": "#6"},
				"up": {"uv": [0, 0, 1, 4], "texture": "#6"},
				"down": {"uv": [0, 0, 1, 4], "texture": "#10"}
			}
		},
		{
			"from": [9, 15, 10],
			"to": [10, 20, 14],
			"faces": {
				"north": {"uv": [0, 0, 1, 5], "texture": "#10"},
				"east": {"uv": [0, 0, 4, 5], "texture": "#6"},
				"south": {"uv": [0, 0, 1, 5], "texture": "#10"},
				"west": {"uv": [0, 0, 4, 5], "texture": "#10"},
				"up": {"uv": [0, 0, 1, 4], "texture": "#6"},
				"down": {"uv": [0, 0, 1, 4], "texture": "#10"}
			}
		},
		{
			"from": [10, 15, 10],
			"to": [12, 20, 11],
			"faces": {
				"north": {"uv": [0, 0, 2, 5], "texture": "#10"},
				"east": {"uv": [0, 0, 1, 5], "texture": "#10"},
				"south": {"uv": [0, 0, 2, 5], "texture": "#6"},
				"west": {"uv": [0, 0, 1, 5], "texture": "#10"},
				"up": {"uv": [0, 0, 2, 1], "texture": "#6"},
				"down": {"uv": [0, 0, 2, 1], "texture": "#10"}
			}
		},
		{
			"from": [2, 15, 11],
			"to": [6, 16, 13],
			"faces": {
				"north": {"uv": [0, 0, 4, 1], "texture": "#13"},
				"east": {"uv": [0, 0, 2, 1], "texture": "#13"},
				"south": {"uv": [0, 0, 4, 1], "texture": "#13"},
				"west": {"uv": [0, 0, 2, 1], "texture": "#13"},
				"up": {"uv": [0, 0, 4, 2], "texture": "#6"},
				"down": {"uv": [0, 0, 4, 2], "texture": "#13"}
			}
		},
		{
			"from": [10, 15, 11],
			"to": [12, 16, 13],
			"faces": {
				"north": {"uv": [0, 0, 2, 1], "texture": "#13"},
				"east": {"uv": [0, 0, 2, 1], "texture": "#13"},
				"south": {"uv": [0, 0, 2, 1], "texture": "#13"},
				"west": {"uv": [0, 0, 2, 1], "texture": "#13"},
				"up": {"uv": [0, 0, 2, 2], "texture": "#6"},
				"down": {"uv": [0, 0, 2, 2], "texture": "#13"}
			}
		},
		{
			"from": [10, 15, 13],
			"to": [12, 20, 14],
			"faces": {
				"north": {"uv": [0, 0, 2, 5], "texture": "#6"},
				"east": {"uv": [0, 0, 1, 5], "texture": "#10"},
				"south": {"uv": [0, 0, 2, 5], "texture": "#10"},
				"west": {"uv": [0, 0, 1, 5], "texture": "#10"},
				"up": {"uv": [0, 0, 2, 1], "texture": "#6"},
				"down": {"uv": [0, 0, 2, 1], "texture": "#10"}
			}
		},
		{
			"from": [1, 15, 10],
			"to": [2, 17, 14],
			"faces": {
				"north": {"uv": [0, 0, 1, 2], "texture": "#13"},
				"east": {"uv": [0, 0, 4, 2], "texture": "#6"},
				"south": {"uv": [0, 0, 1, 2], "texture": "#13"},
				"west": {"uv": [0, 0, 4, 2], "texture": "#13"},
				"up": {"uv": [0, 0, 1, 4], "texture": "#13"},
				"down": {"uv": [0, 0, 1, 4], "texture": "#13"}
			}
		},
		{
			"from": [2, 15, 10],
			"to": [6, 17, 11],
			"faces": {
				"north": {"uv": [0, 0, 4, 2], "texture": "#13"},
				"east": {"uv": [0, 0, 1, 2], "texture": "#13"},
				"south": {"uv": [0, 0, 4, 2], "texture": "#6"},
				"west": {"uv": [0, 0, 1, 2], "texture": "#13"},
				"up": {"uv": [0, 0, 4, 1], "texture": "#13"},
				"down": {"uv": [0, 0, 4, 1], "texture": "#13"}
			}
		},
		{
			"from": [7, 7, 2],
			"to": [12, 8, 7],
			"rotation": {"angle": 0, "axis": "y", "origin": [5, 6, 0]},
			"faces": {
				"north": {"uv": [0, 0, 5, 1], "texture": "#12"},
				"east": {"uv": [0, 0, 5, 1], "texture": "#12"},
				"south": {"uv": [0, 0, 5, 1], "texture": "#12"},
				"west": {"uv": [0, 0, 5, 1], "texture": "#12"},
				"up": {"uv": [0, 0, 5, 5], "texture": "#12"},
				"down": {"uv": [0, 0, 5, 5], "texture": "#12"}
			}
		},
		{
			"from": [7, 9, 2],
			"to": [12, 10, 7],
			"rotation": {"angle": 0, "axis": "y", "origin": [5, 8, 0]},
			"faces": {
				"north": {"uv": [0, 0, 5, 1], "texture": "#12"},
				"east": {"uv": [0, 0, 5, 1], "texture": "#12"},
				"south": {"uv": [0, 0, 5, 1], "texture": "#12"},
				"west": {"uv": [0, 0, 5, 1], "texture": "#12"},
				"up": {"uv": [0, 0, 5, 5], "texture": "#12"},
				"down": {"uv": [0, 0, 5, 5], "texture": "#12"}
			}
		},
		{
			"from": [6, 7, 3],
			"to": [7, 9, 6],
			"rotation": {"angle": 0, "axis": "y", "origin": [5, 6, 0]},
			"faces": {
				"north": {"uv": [0, 0, 1, 2], "texture": "#12"},
				"east": {"uv": [0, 0, 3, 2], "texture": "#12"},
				"south": {"uv": [0, 0, 1, 2], "texture": "#12"},
				"west": {"uv": [0, 0, 3, 2], "texture": "#12"},
				"up": {"uv": [0, 0, 1, 3], "texture": "#12"},
				"down": {"uv": [0, 0, 1, 3], "texture": "#12"}
			}
		},
		{
			"from": [7, 8, 6],
			"to": [8, 9, 7],
			"rotation": {"angle": 0, "axis": "y", "origin": [5, 6, 0]},
			"faces": {
				"north": {"uv": [0, 0, 1, 1], "texture": "#9"},
				"east": {"uv": [0, 0, 1, 1], "texture": "#9"},
				"south": {"uv": [0, 0, 1, 1], "texture": "#9"},
				"west": {"uv": [0, 0, 1, 1], "texture": "#9"},
				"up": {"uv": [0, 0, 1, 1], "texture": "#9"},
				"down": {"uv": [0, 0, 1, 1], "texture": "#9"}
			}
		},
		{
			"from": [11, 8, 6],
			"to": [12, 9, 7],
			"rotation": {"angle": 0, "axis": "y", "origin": [5, 6, 0]},
			"faces": {
				"north": {"uv": [0, 0, 1, 1], "texture": "#9"},
				"east": {"uv": [0, 0, 1, 1], "texture": "#9"},
				"south": {"uv": [0, 0, 1, 1], "texture": "#9"},
				"west": {"uv": [0, 0, 1, 1], "texture": "#9"},
				"up": {"uv": [0, 0, 1, 1], "texture": "#9"},
				"down": {"uv": [0, 0, 1, 1], "texture": "#9"}
			}
		},
		{
			"from": [11, 8, 2],
			"to": [12, 9, 3],
			"rotation": {"angle": 0, "axis": "y", "origin": [5, 6, 0]},
			"faces": {
				"north": {"uv": [0, 0, 1, 1], "texture": "#9"},
				"east": {"uv": [0, 0, 1, 1], "texture": "#9"},
				"south": {"uv": [0, 0, 1, 1], "texture": "#9"},
				"west": {"uv": [0, 0, 1, 1], "texture": "#9"},
				"up": {"uv": [0, 0, 1, 1], "texture": "#9"},
				"down": {"uv": [0, 0, 1, 1], "texture": "#9"}
			}
		},
		{
			"from": [7, 8, 2],
			"to": [8, 9, 3],
			"rotation": {"angle": 0, "axis": "y", "origin": [5, 6, 0]},
			"faces": {
				"north": {"uv": [0, 0, 1, 1], "texture": "#9"},
				"east": {"uv": [0, 0, 1, 1], "texture": "#9"},
				"south": {"uv": [0, 0, 1, 1], "texture": "#9"},
				"west": {"uv": [0, 0, 1, 1], "texture": "#9"},
				"up": {"uv": [0, 0, 1, 1], "texture": "#9"},
				"down": {"uv": [0, 0, 1, 1], "texture": "#9"}
			}
		},
		{
			"from": [9, 10, 4],
			"to": [10, 11, 5],
			"rotation": {"angle": 0, "axis": "y", "origin": [7, 8, 2]},
			"faces": {
				"north": {"uv": [0, 0, 1, 1], "texture": "#9"},
				"east": {"uv": [0, 0, 1, 1], "texture": "#9"},
				"south": {"uv": [0, 0, 1, 1], "texture": "#9"},
				"west": {"uv": [0, 0, 1, 1], "texture": "#9"},
				"up": {"uv": [0, 0, 1, 1], "texture": "#9"},
				"down": {"uv": [0, 0, 1, 1], "texture": "#9"}
			}
		},
		{
			"from": [12, 7, 3],
			"to": [13, 9, 6],
			"rotation": {"angle": 0, "axis": "y", "origin": [5, 6, 0]},
			"faces": {
				"north": {"uv": [0, 0, 1, 2], "texture": "#12"},
				"east": {"uv": [0, 0, 3, 2], "texture": "#12"},
				"south": {"uv": [0, 0, 1, 2], "texture": "#12"},
				"west": {"uv": [0, 0, 3, 2], "texture": "#12"},
				"up": {"uv": [0, 0, 1, 3], "texture": "#12"},
				"down": {"uv": [0, 0, 1, 3], "texture": "#12"}
			}
		},
		{
			"from": [8, 7, 7],
			"to": [11, 9, 8],
			"rotation": {"angle": 0, "axis": "y", "origin": [5, 6, 0]},
			"faces": {
				"north": {"uv": [0, 0, 3, 2], "texture": "#12"},
				"east": {"uv": [0, 0, 1, 2], "texture": "#12"},
				"south": {"uv": [0, 0, 3, 2], "texture": "#12"},
				"west": {"uv": [0, 0, 1, 2], "texture": "#12"},
				"up": {"uv": [0, 0, 3, 1], "texture": "#12"},
				"down": {"uv": [0, 0, 3, 1], "texture": "#12"}
			}
		},
		{
			"from": [8, 7, 1],
			"to": [11, 9, 2],
			"rotation": {"angle": 0, "axis": "y", "origin": [5, 6, 0]},
			"faces": {
				"north": {"uv": [0, 0, 3, 2], "texture": "#12"},
				"east": {"uv": [0, 0, 1, 2], "texture": "#12"},
				"south": {"uv": [0, 0, 3, 2], "texture": "#12"},
				"west": {"uv": [0, 0, 1, 2], "texture": "#12"},
				"up": {"uv": [0, 0, 3, 1], "texture": "#12"},
				"down": {"uv": [0, 0, 3, 1], "texture": "#12"}
			}
		},
		{
			"from": [10, 1, 1],
			"to": [13, 2, 10],
			"faces": {
				"north": {"uv": [0, 0, 3, 1], "texture": "#9"},
				"east": {"uv": [0, 0, 9, 1], "texture": "#9"},
				"south": {"uv": [0, 0, 3, 1], "texture": "#9"},
				"west": {"uv": [0, 0, 9, 1], "texture": "#9"},
				"up": {"uv": [0, 0, 3, 9], "texture": "#9"},
				"down": {"uv": [0, 0, 3, 9], "texture": "#9"}
			}
		},
		{
			"from": [9, 1, 1],
			"to": [10, 3, 10],
			"faces": {
				"north": {"uv": [0, 0, 1, 2], "texture": "#8"},
				"east": {"uv": [0, 0, 9, 2], "texture": "#9"},
				"south": {"uv": [0, 0, 1, 2], "texture": "#8"},
				"west": {"uv": [0, 0, 9, 2], "texture": "#8"},
				"up": {"uv": [0, 0, 1, 9], "texture": "#8"},
				"down": {"uv": [0, 0, 1, 9], "texture": "#8"}
			}
		},
		{
			"from": [10, 1, 0],
			"to": [13, 3, 1],
			"faces": {
				"north": {"uv": [0, 0, 3, 2], "texture": "#8"},
				"east": {"uv": [0, 0, 1, 2], "texture": "#8"},
				"south": {"uv": [0, 0, 3, 2], "texture": "#8"},
				"west": {"uv": [0, 0, 1, 2], "texture": "#8"},
				"up": {"uv": [0, 0, 3, 1], "texture": "#8"},
				"down": {"uv": [0, 0, 3, 1], "texture": "#8"}
			}
		},
		{
			"from": [10, 1, 10],
			"to": [13, 3, 11],
			"faces": {
				"north": {"uv": [0, 0, 3, 2], "texture": "#9"},
				"east": {"uv": [0, 0, 1, 2], "texture": "#8"},
				"south": {"uv": [0, 0, 3, 2], "texture": "#8"},
				"west": {"uv": [0, 0, 1, 2], "texture": "#8"},
				"up": {"uv": [0, 0, 3, 1], "texture": "#8"},
				"down": {"uv": [0, 0, 3, 1], "texture": "#8"}
			}
		},
		{
			"from": [13, 1, 1],
			"to": [14, 3, 10],
			"faces": {
				"north": {"uv": [0, 0, 1, 2], "texture": "#8"},
				"east": {"uv": [0, 0, 9, 2], "texture": "#8"},
				"south": {"uv": [0, 0, 1, 2], "texture": "#8"},
				"west": {"uv": [0, 0, 9, 2], "texture": "#9"},
				"up": {"uv": [0, 0, 1, 9], "texture": "#8"},
				"down": {"uv": [0, 0, 1, 9], "texture": "#8"}
			}
		},
		{
			"from": [6, 15, 10],
			"to": [7, 17, 14],
			"faces": {
				"north": {"uv": [0, 0, 1, 2], "texture": "#13"},
				"east": {"uv": [0, 0, 4, 2], "texture": "#13"},
				"south": {"uv": [0, 0, 1, 2], "texture": "#13"},
				"west": {"uv": [0, 0, 4, 2], "texture": "#6"},
				"up": {"uv": [0, 0, 1, 4], "texture": "#13"},
				"down": {"uv": [0, 0, 1, 4], "texture": "#13"}
			}
		},
		{
			"from": [2, 15, 13],
			"to": [6, 17, 14],
			"faces": {
				"north": {"uv": [0, 0, 4, 2], "texture": "#6"},
				"east": {"uv": [0, 0, 1, 2], "texture": "#13"},
				"south": {"uv": [0, 0, 4, 2], "texture": "#13"},
				"west": {"uv": [0, 0, 1, 2], "texture": "#13"},
				"up": {"uv": [0, 0, 4, 1], "texture": "#13"},
				"down": {"uv": [0, 0, 4, 1], "texture": "#13"}
			}
		},
		{
			"from": [-1, 8, 10],
			"to": [-1, 12, 13],
			"rotation": {"angle": -22.5, "axis": "z", "origin": [-1, 9.5, 11.5]},
			"faces": {
				"north": {"uv": [0, 0, 0, 4], "texture": "#7"},
				"east": {"uv": [0, 0, 3, 4], "texture": "#7"},
				"south": {"uv": [0, 0, 0, 4], "texture": "#7"},
				"west": {"uv": [0, 0, 3, 4], "texture": "#7"},
				"up": {"uv": [0, 0, 0, 3], "texture": "#7"},
				"down": {"uv": [0, 0, 0, 3], "texture": "#7"}
			}
		},
		{
			"from": [17, 2, 1],
			"to": [17, 6, 4],
			"rotation": {"angle": 22.5, "axis": "z", "origin": [17, 3.5, 2.5]},
			"faces": {
				"north": {"uv": [0, 0, 0, 4], "texture": "#7"},
				"east": {"uv": [0, 0, 3, 4], "texture": "#7"},
				"south": {"uv": [0, 0, 0, 4], "texture": "#7"},
				"west": {"uv": [0, 0, 3, 4], "texture": "#7"},
				"up": {"uv": [0, 0, 0, 3], "texture": "#7"},
				"down": {"uv": [0, 0, 0, 3], "texture": "#7"}
			}
		}
	]
}