{
	"credit": "Made by Ecorn",
	"parent": "minecraft:block/template_fence_gate_wall",
	"textures": {
		"texture": "block/acacia_planks"
	},
	"elements": [
		{
			"from": [0, 0, 7],
			"to": [2, 14, 9],
			"faces": {
				"north": {"uv": [0, 0, 2, 14], "texture": "#texture"},
				"east": {"uv": [0, 0, 2, 14], "texture": "#texture"},
				"south": {"uv": [0, 0, 2, 14], "texture": "#texture"},
				"west": {"uv": [0, 0, 2, 14], "texture": "#texture"},
				"up": {"uv": [0, 0, 2, 2], "texture": "#texture"},
				"down": {"uv": [0, 0, 2, 2], "texture": "#texture"}
			}
		},
		{
			"from": [14, 0, 7],
			"to": [16, 14, 9],
			"faces": {
				"north": {"uv": [0, 0, 2, 14], "texture": "#texture"},
				"east": {"uv": [0, 0, 2, 14], "texture": "#texture"},
				"south": {"uv": [0, 0, 2, 14], "texture": "#texture"},
				"west": {"uv": [0, 0, 2, 14], "texture": "#texture"},
				"up": {"uv": [0, 0, 2, 2], "texture": "#texture"},
				"down": {"uv": [0, 0, 2, 2], "texture": "#texture"}
			}
		},
		{
			"from": [8, 3, 7],
			"to": [14, 5, 9],
			"faces": {
				"north": {"uv": [0, 0, 6, 2], "texture": "#texture"},
				"east": {"uv": [0, 0, 2, 2], "texture": "#texture"},
				"south": {"uv": [0, 0, 6, 2], "texture": "#texture"},
				"west": {"uv": [0, 0, 2, 2], "texture": "#texture"},
				"up": {"uv": [0, 0, 6, 2], "texture": "#texture"},
				"down": {"uv": [0, 0, 6, 2], "texture": "#texture"}
			}
		},
		{
			"from": [8, 7, 7],
			"to": [14, 9, 9],
			"faces": {
				"north": {"uv": [0, 0, 6, 2], "texture": "#texture"},
				"east": {"uv": [0, 0, 2, 2], "texture": "#texture"},
				"south": {"uv": [0, 0, 6, 2], "texture": "#texture"},
				"west": {"uv": [0, 0, 2, 2], "texture": "#texture"},
				"up": {"uv": [0, 0, 6, 2], "texture": "#texture"},
				"down": {"uv": [0, 0, 6, 2], "texture": "#texture"}
			}
		},
		{
			"from": [8, 11, 7],
			"to": [14, 13, 9],
			"faces": {
				"north": {"uv": [0, 0, 6, 2], "texture": "#texture"},
				"east": {"uv": [0, 0, 2, 2], "texture": "#texture"},
				"south": {"uv": [0, 0, 6, 2], "texture": "#texture"},
				"west": {"uv": [0, 0, 2, 2], "texture": "#texture"},
				"up": {"uv": [0, 0, 6, 2], "texture": "#texture"},
				"down": {"uv": [0, 0, 6, 2], "texture": "#texture"}
			}
		},
		{
			"from": [2, 3, 7],
			"to": [8, 5, 9],
			"faces": {
				"north": {"uv": [0, 0, 6, 2], "texture": "#texture"},
				"east": {"uv": [0, 0, 2, 2], "texture": "#texture"},
				"south": {"uv": [0, 0, 6, 2], "texture": "#texture"},
				"west": {"uv": [0, 0, 2, 2], "texture": "#texture"},
				"up": {"uv": [0, 0, 6, 2], "texture": "#texture"},
				"down": {"uv": [0, 0, 6, 2], "texture": "#texture"}
			}
		},
		{
			"from": [2, 7, 7],
			"to": [8, 9, 9],
			"faces": {
				"north": {"uv": [0, 0, 6, 2], "texture": "#texture"},
				"east": {"uv": [0, 0, 2, 2], "texture": "#texture"},
				"south": {"uv": [0, 0, 6, 2], "texture": "#texture"},
				"west": {"uv": [0, 0, 2, 2], "texture": "#texture"},
				"up": {"uv": [0, 0, 6, 2], "texture": "#texture"},
				"down": {"uv": [0, 0, 6, 2], "texture": "#texture"}
			}
		},
		{
			"from": [2, 11, 7],
			"to": [8, 13, 9],
			"faces": {
				"north": {"uv": [0, 0, 6, 2], "texture": "#texture"},
				"east": {"uv": [0, 0, 2, 2], "texture": "#texture"},
				"south": {"uv": [0, 0, 6, 2], "texture": "#texture"},
				"west": {"uv": [0, 0, 2, 2], "texture": "#texture"},
				"up": {"uv": [0, 0, 6, 2], "texture": "#texture"},
				"down": {"uv": [0, 0, 6, 2], "texture": "#texture"}
			}
		},
		{
			"from": [8, 5, 7],
			"to": [9, 7, 9],
			"faces": {
				"north": {"uv": [5, 7, 6, 9], "texture": "#texture"},
				"east": {"uv": [5, 7, 7, 9], "texture": "#texture"},
				"south": {"uv": [5, 7, 6, 9], "texture": "#texture"},
				"west": {"uv": [5, 7, 7, 9], "texture": "#texture"},
				"up": {"uv": [5, 7, 6, 9], "texture": "#texture"},
				"down": {"uv": [5, 7, 6, 9], "texture": "#texture"}
			}
		},
		{
			"from": [7, 5, 7],
			"to": [8, 7, 9],
			"faces": {
				"north": {"uv": [8, 7, 9, 9], "texture": "#texture"},
				"east": {"uv": [8, 7, 10, 9], "texture": "#texture"},
				"south": {"uv": [8, 7, 9, 9], "texture": "#texture"},
				"west": {"uv": [8, 7, 10, 9], "texture": "#texture"},
				"up": {"uv": [8, 7, 9, 9], "texture": "#texture"},
				"down": {"uv": [8, 7, 9, 9], "texture": "#texture"}
			}
		},
		{
			"from": [2, 5, 7],
			"to": [3, 7, 9],
			"faces": {
				"north": {"uv": [10, 11, 11, 13], "texture": "#texture"},
				"east": {"uv": [10, 11, 12, 13], "texture": "#texture"},
				"south": {"uv": [10, 11, 11, 13], "texture": "#texture"},
				"west": {"uv": [10, 11, 12, 13], "texture": "#texture"},
				"up": {"uv": [10, 11, 11, 13], "texture": "#texture"},
				"down": {"uv": [10, 11, 11, 13], "texture": "#texture"}
			}
		},
		{
			"from": [7, 9, 7],
			"to": [8, 11, 9],
			"faces": {
				"north": {"uv": [7, 3, 8, 5], "texture": "#texture"},
				"east": {"uv": [7, 3, 9, 5], "texture": "#texture"},
				"south": {"uv": [7, 3, 8, 5], "texture": "#texture"},
				"west": {"uv": [7, 3, 9, 5], "texture": "#texture"},
				"up": {"uv": [7, 3, 8, 5], "texture": "#texture"},
				"down": {"uv": [7, 3, 8, 5], "texture": "#texture"}
			}
		},
		{
			"from": [8, 9, 7],
			"to": [9, 11, 9],
			"faces": {
				"north": {"uv": [5, 3, 6, 5], "texture": "#texture"},
				"east": {"uv": [5, 3, 7, 5], "texture": "#texture"},
				"south": {"uv": [5, 3, 6, 5], "texture": "#texture"},
				"west": {"uv": [5, 3, 7, 5], "texture": "#texture"},
				"up": {"uv": [5, 3, 6, 5], "texture": "#texture"},
				"down": {"uv": [5, 3, 6, 5], "texture": "#texture"}
			}
		},
		{
			"from": [2, 9, 7],
			"to": [3, 11, 9],
			"faces": {
				"north": {"uv": [13, 11, 14, 13], "texture": "#texture"},
				"east": {"uv": [13, 11, 15, 13], "texture": "#texture"},
				"south": {"uv": [13, 11, 14, 13], "texture": "#texture"},
				"west": {"uv": [13, 11, 15, 13], "texture": "#texture"},
				"up": {"uv": [13, 11, 14, 13], "texture": "#texture"},
				"down": {"uv": [13, 11, 14, 13], "texture": "#texture"}
			}
		},
		{
			"from": [13, 5, 7],
			"to": [14, 7, 9],
			"faces": {
				"north": {"uv": [2, 7, 3, 9], "texture": "#texture"},
				"east": {"uv": [2, 7, 4, 9], "texture": "#texture"},
				"south": {"uv": [2, 7, 3, 9], "texture": "#texture"},
				"west": {"uv": [2, 7, 4, 9], "texture": "#texture"},
				"up": {"uv": [2, 7, 3, 9], "texture": "#texture"},
				"down": {"uv": [2, 7, 3, 9], "texture": "#texture"}
			}
		},
		{
			"from": [13, 9, 7],
			"to": [14, 11, 9],
			"faces": {
				"north": {"uv": [2, 3, 3, 5], "texture": "#texture"},
				"east": {"uv": [2, 3, 4, 5], "texture": "#texture"},
				"south": {"uv": [2, 3, 3, 5], "texture": "#texture"},
				"west": {"uv": [2, 3, 4, 5], "texture": "#texture"},
				"up": {"uv": [2, 3, 3, 5], "texture": "#texture"},
				"down": {"uv": [2, 3, 3, 5], "texture": "#texture"}
			}
		}
	],
	"display": {
		"thirdperson_righthand": {
			"rotation": [75, 30, 0],
			"translation": [0, 0.75, 0],
			"scale": [0.375, 0.375, 0.375]
		},
		"thirdperson_lefthand": {
			"rotation": [75, 30, 0],
			"translation": [0, 0.75, 0],
			"scale": [0.375, 0.375, 0.375]
		},
		"firstperson_righthand": {
			"rotation": [0, -60, 0],
			"scale": [0.5, 0.5, 0.5]
		},
		"firstperson_lefthand": {
			"rotation": [0, -60, 0],
			"scale": [0.5, 0.5, 0.5]
		},
		"ground": {
			"translation": [0, 3, 0],
			"scale": [0.5, 0.5, 0.5]
		},
		"gui": {
			"rotation": [30, 225, 0],
			"translation": [0, 0.5, 0],
			"scale": [0.7, 0.7, 0.7]
		},
		"fixed": {
			"scale": [0.7, 0.7, 0.7]
		}
	}
}