{
	"credit": "Made by Ecorn",
	"parent": "minecraft:block/template_fence_gate",
	"textures": {
		"texture": "block/birch_planks"
	},
	"elements": [
		{
			"from": [0, 0, 7.25],
			"to": [1, 16, 8.75],
			"faces": {
				"north": {"uv": [0, 0, 1, 16], "texture": "#texture"},
				"east": {"uv": [0, 0, 1.5, 16], "texture": "#texture"},
				"south": {"uv": [0, 0, 1, 16], "texture": "#texture"},
				"west": {"uv": [0, 0, 1.5, 16], "texture": "#texture"},
				"up": {"uv": [0, 0, 1, 1.5], "texture": "#texture"},
				"down": {"uv": [0, 0, 1, 1.5], "texture": "#texture"}
			}
		},
		{
			"from": [15, 0, 7.25],
			"to": [16, 16, 8.75],
			"faces": {
				"north": {"uv": [0, 0, 1, 16], "texture": "#texture"},
				"east": {"uv": [0, 0, 1.5, 16], "texture": "#texture"},
				"south": {"uv": [0, 0, 1, 16], "texture": "#texture"},
				"west": {"uv": [0, 0, 1.5, 16], "texture": "#texture"},
				"up": {"uv": [0, 0, 1, 1.5], "texture": "#texture"},
				"down": {"uv": [0, 0, 1, 1.5], "texture": "#texture"}
			}
		},
		{
			"from": [0, 0, 7.25],
			"to": [1, 16, 8.75],
			"faces": {
				"north": {"uv": [0, 0, 1, 16], "texture": "#texture"},
				"east": {"uv": [0, 0, 1.5, 16], "texture": "#texture"},
				"south": {"uv": [0, 0, 1, 16], "texture": "#texture"},
				"west": {"uv": [0, 0, 1.5, 16], "texture": "#texture"},
				"up": {"uv": [0, 0, 1, 1.5], "texture": "#texture"},
				"down": {"uv": [0, 0, 1, 1.5], "texture": "#texture"}
			}
		},
		{
			"from": [0, 2, 7.5],
			"to": [8, 5, 8.5],
			"faces": {
				"north": {"uv": [0, 0, 8, 3], "texture": "#texture"},
				"east": {"uv": [0, 0, 1, 3], "texture": "#texture"},
				"south": {"uv": [0, 0, 8, 3], "texture": "#texture"},
				"west": {"uv": [0, 0, 1, 3], "texture": "#texture"},
				"up": {"uv": [0, 0, 8, 1], "texture": "#texture"},
				"down": {"uv": [0, 0, 8, 1], "texture": "#texture"}
			}
		},
		{
			"from": [0, 7, 7.5],
			"to": [8, 10, 8.5],
			"faces": {
				"north": {"uv": [0, 0, 8, 3], "texture": "#texture"},
				"east": {"uv": [0, 0, 1, 3], "texture": "#texture"},
				"south": {"uv": [0, 0, 8, 3], "texture": "#texture"},
				"west": {"uv": [0, 0, 1, 3], "texture": "#texture"},
				"up": {"uv": [0, 0, 8, 1], "texture": "#texture"},
				"down": {"uv": [0, 0, 8, 1], "texture": "#texture"}
			}
		},
		{
			"from": [0, 12, 7.5],
			"to": [8, 15, 8.5],
			"faces": {
				"north": {"uv": [0, 0, 8, 3], "texture": "#texture"},
				"east": {"uv": [0, 0, 1, 3], "texture": "#texture"},
				"south": {"uv": [0, 0, 8, 3], "texture": "#texture"},
				"west": {"uv": [0, 0, 1, 3], "texture": "#texture"},
				"up": {"uv": [0, 0, 8, 1], "texture": "#texture"},
				"down": {"uv": [0, 0, 8, 1], "texture": "#texture"}
			}
		},
		{
			"from": [8, 12, 7.5],
			"to": [16, 15, 8.5],
			"faces": {
				"north": {"uv": [0, 0, 8, 3], "texture": "#texture"},
				"east": {"uv": [0, 0, 1, 3], "texture": "#texture"},
				"south": {"uv": [0, 0, 8, 3], "texture": "#texture"},
				"west": {"uv": [0, 0, 1, 3], "texture": "#texture"},
				"up": {"uv": [0, 0, 8, 1], "texture": "#texture"},
				"down": {"uv": [0, 0, 8, 1], "texture": "#texture"}
			}
		},
		{
			"from": [8, 7, 7.5],
			"to": [16, 10, 8.5],
			"faces": {
				"north": {"uv": [0, 0, 8, 3], "texture": "#texture"},
				"east": {"uv": [0, 0, 1, 3], "texture": "#texture"},
				"south": {"uv": [0, 0, 8, 3], "texture": "#texture"},
				"west": {"uv": [0, 0, 1, 3], "texture": "#texture"},
				"up": {"uv": [0, 0, 8, 1], "texture": "#texture"},
				"down": {"uv": [0, 0, 8, 1], "texture": "#texture"}
			}
		},
		{
			"from": [8, 2, 7.5],
			"to": [16, 5, 8.5],
			"faces": {
				"north": {"uv": [0, 0, 8, 3], "texture": "#texture"},
				"east": {"uv": [0, 0, 1, 3], "texture": "#texture"},
				"south": {"uv": [0, 0, 8, 3], "texture": "#texture"},
				"west": {"uv": [0, 0, 1, 3], "texture": "#texture"},
				"up": {"uv": [0, 0, 8, 1], "texture": "#texture"},
				"down": {"uv": [0, 0, 8, 1], "texture": "#texture"}
			}
		},
		{
			"from": [7, 5, 7.5],
			"to": [8, 7, 8.5],
			"faces": {
				"north": {"uv": [0, 0, 1, 2], "texture": "#texture"},
				"east": {"uv": [0, 0, 1, 2], "texture": "#texture"},
				"south": {"uv": [0, 0, 1, 2], "texture": "#texture"},
				"west": {"uv": [0, 0, 1, 2], "texture": "#texture"},
				"up": {"uv": [0, 0, 1, 1], "texture": "#texture"},
				"down": {"uv": [0, 0, 1, 1], "texture": "#texture"}
			}
		},
		{
			"from": [7, 10, 7.5],
			"to": [8, 12, 8.5],
			"faces": {
				"north": {"uv": [0, 0, 1, 2], "texture": "#texture"},
				"east": {"uv": [0, 0, 1, 2], "texture": "#texture"},
				"south": {"uv": [0, 0, 1, 2], "texture": "#texture"},
				"west": {"uv": [0, 0, 1, 2], "texture": "#texture"},
				"up": {"uv": [0, 0, 1, 1], "texture": "#texture"},
				"down": {"uv": [0, 0, 1, 1], "texture": "#texture"}
			}
		},
		{
			"from": [8, 10, 7.5],
			"to": [9, 12, 8.5],
			"faces": {
				"north": {"uv": [0, 0, 1, 2], "texture": "#texture"},
				"east": {"uv": [0, 0, 1, 2], "texture": "#texture"},
				"south": {"uv": [0, 0, 1, 2], "texture": "#texture"},
				"west": {"uv": [0, 0, 1, 2], "texture": "#texture"},
				"up": {"uv": [0, 0, 1, 1], "texture": "#texture"},
				"down": {"uv": [0, 0, 1, 1], "texture": "#texture"}
			}
		},
		{
			"from": [8, 5, 7.5],
			"to": [9, 7, 8.5],
			"faces": {
				"north": {"uv": [0, 0, 1, 2], "texture": "#texture"},
				"east": {"uv": [0, 0, 1, 2], "texture": "#texture"},
				"south": {"uv": [0, 0, 1, 2], "texture": "#texture"},
				"west": {"uv": [0, 0, 1, 2], "texture": "#texture"},
				"up": {"uv": [0, 0, 1, 1], "texture": "#texture"},
				"down": {"uv": [0, 0, 1, 1], "texture": "#texture"}
			}
		}
	],
	"display": {
		"thirdperson_righthand": {
			"rotation": [75, 30, 0],
			"translation": [0, 0.75, 0],
			"scale": [0.375, 0.375, 0.375]
		},
		"thirdperson_lefthand": {
			"rotation": [75, 30, 0],
			"translation": [0, 0.75, 0],
			"scale": [0.375, 0.375, 0.375]
		},
		"firstperson_righthand": {
			"rotation": [0, -60, 0],
			"scale": [0.5, 0.5, 0.5]
		},
		"firstperson_lefthand": {
			"rotation": [0, -60, 0],
			"scale": [0.5, 0.5, 0.5]
		},
		"ground": {
			"translation": [0, 3, 0],
			"scale": [0.5, 0.5, 0.5]
		},
		"gui": {
			"rotation": [30, 225, 0],
			"translation": [0, 0.5, 0],
			"scale": [0.7, 0.7, 0.7]
		},
		"fixed": {
			"scale": [0.7, 0.7, 0.7]
		}
	}
}