{
	"credit": "Made by Ecorn",
	"parent": "minecraft:block/fence_post",
	"textures": {
		"1": "block/crimson_door_bottom",
		"particle": "block/crimson_door_bottom"
	},
	"elements": [
		{
			"name": "Center post",
			"from": [6, 0, -1],
			"to": [10, 16, 3],
			"faces": {
				"north": {"uv": [0, 0, 4, 16], "texture": "#1"},
				"east": {"uv": [12, 0, 16, 16], "texture": "#1"},
				"south": {"uv": [8, 0, 12, 16], "texture": "#1"},
				"west": {"uv": [4, 0, 8, 16], "texture": "#1"},
				"up": {"uv": [6, 6, 10, 10], "texture": "#1", "cullface": "up"},
				"down": {"uv": [6, 6, 10, 10], "texture": "#1", "cullface": "down"}
			}
		},
		{
			"name": "Center post",
			"from": [6, 0, 13],
			"to": [10, 16, 17],
			"faces": {
				"north": {"uv": [0, 0, 4, 16], "texture": "#1"},
				"east": {"uv": [12, 0, 16, 16], "texture": "#1"},
				"south": {"uv": [8, 0, 12, 16], "texture": "#1"},
				"west": {"uv": [4, 0, 8, 16], "texture": "#1"},
				"up": {"uv": [6, 6, 10, 10], "texture": "#1", "cullface": "up"},
				"down": {"uv": [6, 6, 10, 10], "texture": "#1", "cullface": "down"}
			}
		},
		{
			"from": [7.25, 0, 9],
			"to": [8.75, 12, 17],
			"faces": {
				"north": {"uv": [8, 6, 9.5, 16], "texture": "#1"},
				"east": {"uv": [8, 4, 16, 16], "texture": "#1"},
				"south": {"uv": [8, 4, 9.5, 16], "texture": "#1"},
				"west": {"uv": [8, 4, 16, 16], "texture": "#1"},
				"up": {"uv": [8, 6, 9.5, 14], "texture": "#1"},
				"down": {"uv": [8, 6, 9.5, 14], "texture": "#1"}
			}
		},
		{
			"from": [7, 0, 8],
			"to": [9, 13, 10],
			"faces": {
				"north": {"uv": [8, 4, 10, 16], "texture": "#1"},
				"east": {"uv": [6, 4, 8, 16], "texture": "#1"},
				"south": {"uv": [13, 4, 15, 16], "texture": "#1"},
				"west": {"uv": [13, 4, 15, 16], "texture": "#1"},
				"up": {"uv": [11, 11, 13, 13], "texture": "#1"},
				"down": {"uv": [14, 0, 16, 1], "texture": "#1"}
			}
		},
		{
			"from": [7.25, 0, -1],
			"to": [8.75, 12, 7],
			"rotation": {"angle": 0, "axis": "y", "origin": [8, 6.25, 14]},
			"faces": {
				"north": {"uv": [8, 4, 9.5, 16], "texture": "#1"},
				"east": {"uv": [8, 4, 16, 16], "texture": "#1"},
				"south": {"uv": [8, 6, 9.5, 16], "texture": "#1"},
				"west": {"uv": [8, 4, 16, 16], "texture": "#1"},
				"up": {"uv": [8, 6, 9.5, 14], "rotation": 180, "texture": "#1"},
				"down": {"uv": [8, 6, 9.5, 14], "rotation": 180, "texture": "#1"}
			}
		},
		{
			"from": [7, 0, 6],
			"to": [9, 13, 8],
			"rotation": {"angle": 0, "axis": "y", "origin": [8, 6.25, 14]},
			"faces": {
				"north": {"uv": [13, 4, 15, 16], "texture": "#1"},
				"east": {"uv": [13, 4, 15, 16], "texture": "#1"},
				"south": {"uv": [8, 4, 10, 16], "texture": "#1"},
				"west": {"uv": [6, 4, 8, 16], "texture": "#1"},
				"up": {"uv": [11, 11, 13, 13], "rotation": 180, "texture": "#1"},
				"down": {"uv": [14, 0, 16, 1], "rotation": 180, "texture": "#1"}
			}
		}
	],
	"display": {
		"thirdperson_righthand": {
			"rotation": [75, 30, 0],
			"translation": [0, 0.75, 0],
			"scale": [0.375, 0.375, 0.375]
		},
		"thirdperson_lefthand": {
			"rotation": [75, 30, 0],
			"translation": [0, 0.75, 0],
			"scale": [0.375, 0.375, 0.375]
		},
		"firstperson_righthand": {
			"rotation": [0, 35, 0],
			"scale": [0.5, 0.5, 0.5]
		},
		"firstperson_lefthand": {
			"rotation": [0, 35, 0],
			"scale": [0.5, 0.5, 0.5]
		},
		"ground": {
			"translation": [0, 3, 0],
			"scale": [0.5, 0.5, 0.5]
		},
		"gui": {
			"rotation": [30, 135, 0],
			"scale": [0.62, 0.62, 0.62]
		},
		"fixed": {
			"scale": [0.7, 0.7, 0.7]
		}
	}
}