{
	"credit": "Made by Ecorn",
	"textures": {
		"1": "block/dark_oak_log",
		"2": "block/dark_oak_log_top",
		"3": "block/stripped_dark_oak_log"
	},
	"elements": [
		{
			"from": [7, -2, 13],
			"to": [9, 8, 15],
			"rotation": {"angle": -45, "axis": "x", "origin": [8, 2, 8]},
			"faces": {
				"north": {"uv": [0, 0, 10, 2], "rotation": 90, "texture": "#3"},
				"east": {"uv": [0, 0, 10, 2], "rotation": 90, "texture": "#3"},
				"south": {"uv": [0, 0, 10, 2], "rotation": 90, "texture": "#3"},
				"west": {"uv": [0, 0, 10, 2], "rotation": 90, "texture": "#3"}
			}
		},
		{
			"from": [6.5, 10, 8],
			"to": [9.5, 13, 15],
			"rotation": {"angle": 0, "axis": "y", "origin": [0, -1, 8]},
			"faces": {
				"east": {"uv": [0, 0, 7, 3], "texture": "#3"},
				"west": {"uv": [0, 0, 7, 3], "texture": "#3"},
				"up": {"uv": [0, 0, 3, 7], "texture": "#3"},
				"down": {"uv": [0, 0, 3, 7], "texture": "#3"}
			}
		},
		{
			"from": [6, 0, -2],
			"to": [10, 16, 2],
			"faces": {
				"north": {"uv": [8, 0, 12, 16], "texture": "#1"},
				"east": {"uv": [4, 0, 8, 16], "texture": "#1"},
				"south": {"uv": [0, 0, 4, 16], "texture": "#1"},
				"west": {"uv": [12, 0, 16, 16], "texture": "#1"},
				"up": {"uv": [6, 6, 10, 10], "rotation": 180, "texture": "#2"},
				"down": {"uv": [6, 6, 10, 10], "rotation": 180, "texture": "#2"}
			}
		},
		{
			"from": [6, 0, 14],
			"to": [10, 16, 18],
			"faces": {
				"north": {"uv": [8, 0, 12, 16], "texture": "#1"},
				"east": {"uv": [4, 0, 8, 16], "texture": "#1"},
				"south": {"uv": [0, 0, 4, 16], "texture": "#1"},
				"west": {"uv": [12, 0, 16, 16], "texture": "#1"},
				"up": {"uv": [6, 6, 10, 10], "rotation": 180, "texture": "#2"},
				"down": {"uv": [6, 6, 10, 10], "rotation": 180, "texture": "#2"}
			}
		},
		{
			"from": [7, -2, 1],
			"to": [9, 8, 3],
			"rotation": {"angle": 45, "axis": "x", "origin": [8, 2, 8]},
			"faces": {
				"north": {"uv": [0, 0, 10, 2], "rotation": 90, "texture": "#3"},
				"east": {"uv": [0, 0, 10, 2], "rotation": 90, "texture": "#3"},
				"south": {"uv": [0, 0, 10, 2], "rotation": 90, "texture": "#3"},
				"west": {"uv": [0, 0, 10, 2], "rotation": 90, "texture": "#3"}
			}
		},
		{
			"from": [6.5, 10, 1],
			"to": [9.5, 13, 8],
			"rotation": {"angle": 0, "axis": "y", "origin": [0, -1, 8]},
			"faces": {
				"east": {"uv": [0, 0, 7, 3], "texture": "#3"},
				"west": {"uv": [0, 0, 7, 3], "texture": "#3"},
				"up": {"uv": [0, 0, 3, 7], "rotation": 180, "texture": "#3"},
				"down": {"uv": [0, 0, 3, 7], "rotation": 180, "texture": "#3"}
			}
		}
	],
	"display": {
		"thirdperson_righthand": {
			"rotation": [75, 30, 0],
			"translation": [0, 0.75, 0],
			"scale": [0.375, 0.375, 0.375]
		},
		"thirdperson_lefthand": {
			"rotation": [75, 30, 0],
			"translation": [0, 0.75, 0],
			"scale": [0.375, 0.375, 0.375]
		},
		"firstperson_righthand": {
			"rotation": [0, 35, 0],
			"scale": [0.5, 0.5, 0.5]
		},
		"firstperson_lefthand": {
			"rotation": [0, 35, 0],
			"scale": [0.5, 0.5, 0.5]
		},
		"ground": {
			"translation": [0, 3, 0],
			"scale": [0.5, 0.5, 0.5]
		},
		"gui": {
			"rotation": [30, 135, 0],
			"scale": [0.62, 0.62, 0.62]
		},
		"fixed": {
			"scale": [0.7, 0.7, 0.7]
		}
	},
	"groups": [
		{
			"name": "group",
			"origin": [0, 0, 0],
			"color": 0,
			"children": [0, 1]
		},
		2,
		3,
		{
			"name": "group",
			"origin": [0, 0, 0],
			"color": 0,
			"children": [4, 5]
		}
	]
}