{
	"credit": "Made by Ecorn",
	"parent": "minecraft:block/template_fence_gate",
	"textures": {
		"1": "block/oak_log",
		"particle": "block/oak_log",
		"texture": "block/oak_planks"
	},
	"elements": [
		{
			"from": [9.75, 3, 7],
			"to": [16, 5, 9],
			"rotation": {"angle": 0, "axis": "y", "origin": [8, 8, 3.78]},
			"faces": {
				"north": {"uv": [10, 2, 16, 4], "texture": "#texture"},
				"east": {"uv": [10, 2, 12, 4], "texture": "#texture"},
				"south": {"uv": [10, 2, 16, 4], "texture": "#texture"},
				"west": {"uv": [10, 2, 12, 4], "texture": "#texture"},
				"up": {"uv": [10, 2, 12, 8], "rotation": 90, "texture": "#texture"},
				"down": {"uv": [10, 2, 12, 8], "rotation": 270, "texture": "#texture"}
			}
		},
		{
			"from": [9.75, 11, 7],
			"to": [16, 13, 9],
			"rotation": {"angle": 0, "axis": "y", "origin": [8, 8, 3.78]},
			"faces": {
				"north": {"uv": [0, 6, 6, 8], "texture": "#texture"},
				"east": {"uv": [0, 6, 2, 8], "texture": "#texture"},
				"south": {"uv": [0, 6, 6, 8], "texture": "#texture"},
				"west": {"uv": [0, 6, 2, 8], "texture": "#texture"},
				"up": {"uv": [0, 6, 2, 12], "rotation": 90, "texture": "#texture"},
				"down": {"uv": [0, 6, 2, 12], "rotation": 270, "texture": "#texture"}
			}
		},
		{
			"from": [8.5, 6.5, 7.5],
			"to": [16.5, 7.5, 8.5],
			"rotation": {"angle": -22.5, "axis": "z", "origin": [12.53, 7, 8.03]},
			"faces": {
				"north": {"uv": [8, 1, 0, 2], "texture": "#texture"},
				"east": {"uv": [0, 0, 1, 1], "texture": "#texture"},
				"south": {"uv": [0, 1, 8, 2], "texture": "#texture"},
				"west": {"uv": [0, 0, 1, 1], "texture": "#texture"},
				"up": {"uv": [8, 1, 0, 2], "rotation": 180, "texture": "#texture"},
				"down": {"uv": [0, 1, 8, 2], "texture": "#texture"}
			}
		},
		{
			"from": [8.5, 8.5, 7.5],
			"to": [16.5, 9.5, 8.5],
			"rotation": {"angle": 22.5, "axis": "z", "origin": [12.53, 9, 8.03]},
			"faces": {
				"north": {"uv": [0, 12, 8, 13], "texture": "#texture"},
				"east": {"uv": [0, 0, 1, 1], "texture": "#texture"},
				"south": {"uv": [8, 12, 0, 13], "texture": "#texture"},
				"west": {"uv": [0, 0, 1, 1], "texture": "#texture"},
				"up": {"uv": [0, 12, 8, 13], "texture": "#texture"},
				"down": {"uv": [8, 13, 0, 12], "texture": "#texture"}
			}
		},
		{
			"from": [9.35, 7, 7],
			"to": [10.35, 9, 9],
			"rotation": {"angle": 0, "axis": "y", "origin": [8, 8, 3.78]},
			"faces": {
				"north": {"uv": [11, 2, 12, 4], "texture": "#1"},
				"east": {"uv": [12, 5, 14, 7], "texture": "#1"},
				"south": {"uv": [11, 2, 12, 4], "texture": "#1"},
				"west": {"uv": [11, 2, 13, 4], "texture": "#1"},
				"up": {"uv": [12, 1, 14, 2], "rotation": 90, "texture": "#1"},
				"down": {"uv": [11, 3, 13, 4], "rotation": 270, "texture": "#1"}
			}
		},
		{
			"from": [0, 3, 7],
			"to": [6.25, 5, 9],
			"rotation": {"angle": 0, "axis": "y", "origin": [1, 8, 7.78]},
			"faces": {
				"north": {"uv": [10, 2, 16, 4], "texture": "#texture"},
				"east": {"uv": [10, 2, 12, 4], "texture": "#texture"},
				"south": {"uv": [10, 2, 16, 4], "texture": "#texture"},
				"west": {"uv": [10, 2, 12, 4], "texture": "#texture"},
				"up": {"uv": [10, 2, 12, 8], "rotation": 270, "texture": "#texture"},
				"down": {"uv": [10, 2, 12, 8], "rotation": 90, "texture": "#texture"}
			}
		},
		{
			"from": [0, 11, 7],
			"to": [6.25, 13, 9],
			"rotation": {"angle": 0, "axis": "y", "origin": [1, 8, 7.78]},
			"faces": {
				"north": {"uv": [0, 6, 6, 8], "texture": "#texture"},
				"east": {"uv": [0, 6, 2, 8], "texture": "#texture"},
				"south": {"uv": [0, 6, 6, 8], "texture": "#texture"},
				"west": {"uv": [0, 6, 2, 8], "texture": "#texture"},
				"up": {"uv": [0, 6, 2, 12], "rotation": 270, "texture": "#texture"},
				"down": {"uv": [0, 6, 2, 12], "rotation": 90, "texture": "#texture"}
			}
		},
		{
			"from": [-0.5, 6.5, 7.5],
			"to": [7.5, 7.5, 8.5],
			"rotation": {"angle": 22.5, "axis": "z", "origin": [3.47, 7, 8.03]},
			"faces": {
				"north": {"uv": [0, 1, 8, 2], "texture": "#texture"},
				"east": {"uv": [0, 0, 1, 1], "texture": "#texture"},
				"south": {"uv": [8, 1, 0, 2], "texture": "#texture"},
				"west": {"uv": [0, 0, 1, 1], "texture": "#texture"},
				"up": {"uv": [8, 1, 0, 2], "texture": "#texture"},
				"down": {"uv": [0, 1, 8, 2], "rotation": 180, "texture": "#texture"}
			}
		},
		{
			"from": [-0.5, 8.5, 7.5],
			"to": [7.5, 9.5, 8.5],
			"rotation": {"angle": -22.5, "axis": "z", "origin": [3.47, 9, 8.03]},
			"faces": {
				"north": {"uv": [8, 12, 0, 13], "texture": "#texture"},
				"east": {"uv": [0, 0, 1, 1], "texture": "#texture"},
				"south": {"uv": [0, 12, 8, 13], "texture": "#texture"},
				"west": {"uv": [0, 0, 1, 1], "texture": "#texture"},
				"up": {"uv": [0, 12, 8, 13], "rotation": 180, "texture": "#texture"},
				"down": {"uv": [8, 13, 0, 12], "rotation": 180, "texture": "#texture"}
			}
		},
		{
			"from": [5.65, 7, 7],
			"to": [6.65, 9, 9],
			"rotation": {"angle": 0, "axis": "y", "origin": [1, 8, 7.78]},
			"faces": {
				"north": {"uv": [11, 2, 12, 4], "texture": "#1"},
				"east": {"uv": [11, 2, 13, 4], "texture": "#1"},
				"south": {"uv": [11, 2, 12, 4], "texture": "#1"},
				"west": {"uv": [12, 5, 14, 7], "texture": "#1"},
				"up": {"uv": [12, 1, 14, 2], "rotation": 270, "texture": "#1"},
				"down": {"uv": [11, 3, 13, 4], "rotation": 90, "texture": "#1"}
			}
		},
		{
			"from": [6.25, 2, 6.75],
			"to": [8, 14, 9.25],
			"faces": {
				"north": {"uv": [0, 0, 1.75, 12], "texture": "#texture"},
				"east": {"uv": [0, 0, 2.5, 12], "texture": "#texture"},
				"south": {"uv": [0, 0, 1.75, 12], "texture": "#texture"},
				"west": {"uv": [0, 0, 2.5, 12], "texture": "#texture"},
				"up": {"uv": [0, 0, 1.75, 2.5], "texture": "#texture"},
				"down": {"uv": [0, 0, 1.75, 2.5], "texture": "#texture"}
			}
		},
		{
			"from": [-0.75, 2, 6.75],
			"to": [0.75, 14, 9.25],
			"faces": {
				"north": {"uv": [0, 0, 1, 12], "texture": "#texture"},
				"east": {"uv": [0, 0, 2.5, 12], "texture": "#texture"},
				"south": {"uv": [0, 0, 1, 12], "texture": "#texture"},
				"west": {"uv": [0, 0, 2.5, 12], "texture": "#texture"},
				"up": {"uv": [0, 0, 1, 2.5], "texture": "#texture"},
				"down": {"uv": [0, 0, 1, 2.5], "texture": "#texture"}
			}
		},
		{
			"from": [15.25, 2, 6.75],
			"to": [16.75, 14, 9.25],
			"faces": {
				"north": {"uv": [0, 0, 1, 12], "texture": "#texture"},
				"east": {"uv": [0, 0, 2.5, 12], "texture": "#texture"},
				"south": {"uv": [0, 0, 1, 12], "texture": "#texture"},
				"west": {"uv": [0, 0, 2.5, 12], "texture": "#texture"},
				"up": {"uv": [0, 0, 1, 2.5], "texture": "#texture"},
				"down": {"uv": [0, 0, 1, 2.5], "texture": "#texture"}
			}
		},
		{
			"from": [8, 2, 6.75],
			"to": [9.75, 14, 9.25],
			"faces": {
				"north": {"uv": [0, 0, 1.75, 12], "texture": "#texture"},
				"east": {"uv": [0, 0, 2.5, 12], "texture": "#texture"},
				"south": {"uv": [0, 0, 1.75, 12], "texture": "#texture"},
				"west": {"uv": [0, 0, 2.5, 12], "texture": "#texture"},
				"up": {"uv": [0, 0, 1.75, 2.5], "texture": "#texture"},
				"down": {"uv": [0, 0, 1.75, 2.5], "texture": "#texture"}
			}
		}
	],
	"display": {
		"thirdperson_righthand": {
			"rotation": [75, 30, 0],
			"translation": [0, 0.75, 0],
			"scale": [0.375, 0.375, 0.375]
		},
		"thirdperson_lefthand": {
			"rotation": [75, 30, 0],
			"translation": [0, 0.75, 0],
			"scale": [0.375, 0.375, 0.375]
		},
		"firstperson_righthand": {
			"rotation": [0, -60, 0],
			"scale": [0.5, 0.5, 0.5]
		},
		"firstperson_lefthand": {
			"rotation": [0, -60, 0],
			"scale": [0.5, 0.5, 0.5]
		},
		"ground": {
			"translation": [0, 3, 0],
			"scale": [0.5, 0.5, 0.5]
		},
		"gui": {
			"rotation": [30, 225, 0],
			"translation": [0, 0.5, 0],
			"scale": [0.7, 0.7, 0.7]
		},
		"fixed": {
			"scale": [0.7, 0.7, 0.7]
		}
	}
}