{
	"credit": "Made by Ecorn",
	"parent": "minecraft:block/template_fence_gate",
	"textures": {
		"1": "block/warped_stem",
		"2": "block/warped_stem_top",
		"texture": "block/warped_planks",
		"particle": "block/warped_stem"
	},
	"elements": [
		{
			"from": [-2, 0, 6],
			"to": [2, 16, 10],
			"faces": {
				"north": {"uv": [4, 0, 8, 16], "texture": "#1"},
				"east": {"uv": [0, 0, 4, 16], "texture": "#1"},
				"south": {"uv": [12, 0, 16, 16], "texture": "#1"},
				"west": {"uv": [8, 0, 12, 16], "texture": "#1"},
				"up": {"uv": [6, 6, 10, 10], "rotation": 90, "texture": "#2"},
				"down": {"uv": [6, 6, 10, 10], "rotation": 270, "texture": "#2"}
			}
		},
		{
			"from": [2, 10.5, 7.5],
			"to": [8, 14.5, 8.5],
			"rotation": {"angle": 0, "axis": "y", "origin": [5.83333, 9.91667, 8]},
			"faces": {
				"north": {"uv": [1, 12, 7, 16], "texture": "#texture"},
				"east": {"uv": [1, 12, 2, 16], "texture": "#texture"},
				"south": {"uv": [1, 12, 7, 16], "texture": "#texture"},
				"west": {"uv": [6, 12, 7, 16], "texture": "#texture"},
				"up": {"uv": [1, 12, 7, 13], "rotation": 180, "texture": "#texture"},
				"down": {"uv": [1, 15, 7, 16], "rotation": 180, "texture": "#texture"}
			}
		},
		{
			"from": [2, 5.25, 7.5],
			"to": [8, 9.25, 8.5],
			"rotation": {"angle": 0, "axis": "y", "origin": [5.83333, 9.91667, 8]},
			"faces": {
				"north": {"uv": [0, 8, 6, 12], "texture": "#texture"},
				"east": {"uv": [0, 8, 1, 12], "texture": "#texture"},
				"south": {"uv": [0, 8, 6, 12], "texture": "#texture"},
				"west": {"uv": [5, 8, 6, 12], "texture": "#texture"},
				"up": {"uv": [0, 8, 6, 9], "rotation": 180, "texture": "#texture"},
				"down": {"uv": [0, 11, 6, 12], "rotation": 180, "texture": "#texture"}
			}
		},
		{
			"from": [14, 0, 6],
			"to": [18, 16, 10],
			"faces": {
				"north": {"uv": [12, 0, 16, 16], "texture": "#1"},
				"east": {"uv": [8, 0, 12, 16], "texture": "#1"},
				"south": {"uv": [4, 0, 8, 16], "texture": "#1"},
				"west": {"uv": [0, 0, 4, 16], "texture": "#1"},
				"up": {"uv": [6, 6, 10, 10], "rotation": 270, "texture": "#2"},
				"down": {"uv": [6, 6, 10, 10], "rotation": 90, "texture": "#2"}
			}
		},
		{
			"from": [8, 5.25, 7.5],
			"to": [14, 9.25, 8.5],
			"faces": {
				"north": {"uv": [0, 8, 6, 12], "texture": "#texture"},
				"east": {"uv": [5, 8, 6, 12], "texture": "#texture"},
				"south": {"uv": [0, 8, 6, 12], "texture": "#texture"},
				"west": {"uv": [0, 8, 1, 12], "texture": "#texture"},
				"up": {"uv": [0, 8, 6, 9], "texture": "#texture"},
				"down": {"uv": [0, 11, 6, 12], "texture": "#texture"}
			}
		},
		{
			"from": [8, 10.5, 7.5],
			"to": [14, 14.5, 8.5],
			"faces": {
				"north": {"uv": [1, 12, 7, 16], "texture": "#texture"},
				"east": {"uv": [6, 12, 7, 16], "texture": "#texture"},
				"south": {"uv": [1, 12, 7, 16], "texture": "#texture"},
				"west": {"uv": [1, 12, 2, 16], "texture": "#texture"},
				"up": {"uv": [1, 12, 7, 13], "texture": "#texture"},
				"down": {"uv": [1, 15, 7, 16], "texture": "#texture"}
			}
		},
		{
			"from": [7, 5, 7],
			"to": [8, 15, 9],
			"rotation": {"angle": 0, "axis": "y", "origin": [5.83333, 9.91667, 8]},
			"faces": {
				"north": {"uv": [2, 0, 3, 10], "texture": "#texture"},
				"east": {"uv": [0, 0, 2, 10], "texture": "#texture"},
				"south": {"uv": [0, 0, 1, 10], "texture": "#texture"},
				"west": {"uv": [0, 0, 2, 10], "texture": "#texture"},
				"up": {"uv": [0, 0, 1, 2], "texture": "#texture"},
				"down": {"uv": [0, 0, 1, 2], "texture": "#texture"}
			}
		},
		{
			"from": [8, 5, 7],
			"to": [9, 15, 9],
			"faces": {
				"north": {"uv": [0, 0, 1, 10], "texture": "#texture"},
				"east": {"uv": [0, 0, 2, 10], "texture": "#texture"},
				"south": {"uv": [2, 0, 3, 10], "texture": "#texture"},
				"west": {"uv": [0, 0, 2, 10], "texture": "#texture"},
				"up": {"uv": [0, 0, 1, 2], "texture": "#texture"},
				"down": {"uv": [0, 0, 1, 2], "texture": "#texture"}
			}
		}
	],
	"display": {
		"thirdperson_righthand": {
			"rotation": [75, 30, 0],
			"translation": [0, 0.75, 0],
			"scale": [0.375, 0.375, 0.375]
		},
		"thirdperson_lefthand": {
			"rotation": [75, 30, 0],
			"translation": [0, 0.75, 0],
			"scale": [0.375, 0.375, 0.375]
		},
		"firstperson_righthand": {
			"rotation": [0, -60, 0],
			"scale": [0.5, 0.5, 0.5]
		},
		"firstperson_lefthand": {
			"rotation": [0, -60, 0],
			"scale": [0.5, 0.5, 0.5]
		},
		"ground": {
			"translation": [0, 3, 0],
			"scale": [0.5, 0.5, 0.5]
		},
		"gui": {
			"rotation": [30, 225, 0],
			"translation": [0, 0.5, 0],
			"scale": [0.63, 0.63, 0.63]
		},
		"fixed": {
			"scale": [0.7, 0.7, 0.7]
		}
	}
}