{
	"credit": "Made by Ecorn",
	"parent": "minecraft:block/fence_post",
	"textures": {
		"1": "block/warped_stem",
		"2": "block/warped_stem_top",
		"3": "block/warped_planks",
		"particle": "block/warped_stem"
	},
	"elements": [
		{
			"from": [6, 0, 13],
			"to": [10, 16, 17],
			"faces": {
				"north": {"uv": [0, 0, 4, 16], "texture": "#1"},
				"east": {"uv": [12, 0, 16, 16], "texture": "#1"},
				"south": {"uv": [8, 0, 12, 16], "texture": "#1"},
				"west": {"uv": [4, 0, 8, 16], "texture": "#1"},
				"up": {"uv": [6, 6, 10, 10], "texture": "#2"},
				"down": {"uv": [6, 6, 10, 10], "texture": "#2"}
			}
		},
		{
			"from": [7.5, 10.5, 7.5],
			"to": [8.5, 14.5, 13],
			"faces": {
				"north": {"uv": [1, 12, 2, 16], "texture": "#3"},
				"east": {"uv": [1, 12, 7, 16], "texture": "#3"},
				"south": {"uv": [6, 12, 7, 16], "texture": "#3"},
				"west": {"uv": [1, 12, 7, 16], "texture": "#3"},
				"up": {"uv": [1, 12, 7, 13], "rotation": 90, "texture": "#3"},
				"down": {"uv": [1, 15, 7, 16], "rotation": 270, "texture": "#3"}
			}
		},
		{
			"from": [7.5, 5.25, 7.5],
			"to": [8.5, 9.25, 13],
			"faces": {
				"north": {"uv": [0, 8, 1, 12], "texture": "#3"},
				"east": {"uv": [0, 8, 6, 12], "texture": "#3"},
				"south": {"uv": [5, 8, 6, 12], "texture": "#3"},
				"west": {"uv": [0, 8, 6, 12], "texture": "#3"},
				"up": {"uv": [0, 8, 6, 9], "rotation": 90, "texture": "#3"},
				"down": {"uv": [0, 11, 6, 12], "rotation": 270, "texture": "#3"}
			}
		},
		{
			"from": [7.5, 0, 7.5],
			"to": [8.5, 4, 13],
			"faces": {
				"north": {"uv": [0, 0, 1, 4], "texture": "#3"},
				"east": {"uv": [0, 0, 6, 4], "texture": "#3"},
				"south": {"uv": [5, 0, 6, 4], "texture": "#3"},
				"west": {"uv": [0, 0, 6, 4], "texture": "#3"},
				"up": {"uv": [0, 0, 6, 1], "rotation": 90, "texture": "#3"},
				"down": {"uv": [0, 3, 6, 4], "rotation": 270, "texture": "#3"}
			}
		},
		{
			"from": [6, 0, -1.5],
			"to": [10, 16, 2.5],
			"rotation": {"angle": 0, "axis": "y", "origin": [8, 7.4375, 0.25]},
			"faces": {
				"north": {"uv": [8, 0, 12, 16], "texture": "#1"},
				"east": {"uv": [4, 0, 8, 16], "texture": "#1"},
				"south": {"uv": [0, 0, 4, 16], "texture": "#1"},
				"west": {"uv": [12, 0, 16, 16], "texture": "#1"},
				"up": {"uv": [6, 6, 10, 10], "rotation": 180, "texture": "#2"},
				"down": {"uv": [6, 6, 10, 10], "rotation": 180, "texture": "#2"}
			}
		},
		{
			"from": [7.5, 0, 2.5],
			"to": [8.5, 4, 7.5],
			"rotation": {"angle": 0, "axis": "y", "origin": [8, 7.4375, 0.25]},
			"faces": {
				"north": {"uv": [5, 0, 6, 4], "texture": "#3"},
				"east": {"uv": [0, 0, 6, 4], "texture": "#3"},
				"south": {"uv": [0, 0, 1, 4], "texture": "#3"},
				"west": {"uv": [0, 0, 6, 4], "texture": "#3"},
				"up": {"uv": [0, 0, 6, 1], "rotation": 270, "texture": "#3"},
				"down": {"uv": [0, 3, 6, 4], "rotation": 90, "texture": "#3"}
			}
		},
		{
			"from": [7.5, 5.25, 2.5],
			"to": [8.5, 9.25, 7.5],
			"rotation": {"angle": 0, "axis": "y", "origin": [8, 7.4375, 0.25]},
			"faces": {
				"north": {"uv": [5, 8, 6, 12], "texture": "#3"},
				"east": {"uv": [0, 8, 6, 12], "texture": "#3"},
				"south": {"uv": [0, 8, 1, 12], "texture": "#3"},
				"west": {"uv": [0, 8, 6, 12], "texture": "#3"},
				"up": {"uv": [0, 8, 6, 9], "rotation": 270, "texture": "#3"},
				"down": {"uv": [0, 11, 6, 12], "rotation": 90, "texture": "#3"}
			}
		},
		{
			"from": [7.5, 10.5, 2.5],
			"to": [8.5, 14.5, 7.5],
			"rotation": {"angle": 0, "axis": "y", "origin": [8, 7.4375, 0.25]},
			"faces": {
				"north": {"uv": [6, 12, 7, 16], "texture": "#3"},
				"east": {"uv": [1, 12, 7, 16], "texture": "#3"},
				"south": {"uv": [1, 12, 2, 16], "texture": "#3"},
				"west": {"uv": [1, 12, 7, 16], "texture": "#3"},
				"up": {"uv": [1, 12, 7, 13], "rotation": 270, "texture": "#3"},
				"down": {"uv": [1, 15, 7, 16], "rotation": 90, "texture": "#3"}
			}
		}
	],
	"display": {
		"thirdperson_righthand": {
			"rotation": [75, 30, 0],
			"translation": [0, 0.75, 0],
			"scale": [0.375, 0.375, 0.375]
		},
		"thirdperson_lefthand": {
			"rotation": [75, 30, 0],
			"translation": [0, 0.75, 0],
			"scale": [0.375, 0.375, 0.375]
		},
		"firstperson_righthand": {
			"rotation": [0, 35, 0],
			"scale": [0.5, 0.5, 0.5]
		},
		"firstperson_lefthand": {
			"rotation": [0, 35, 0],
			"scale": [0.5, 0.5, 0.5]
		},
		"ground": {
			"translation": [0, 3, 0],
			"scale": [0.5, 0.5, 0.5]
		},
		"gui": {
			"rotation": [30, 135, 0],
			"scale": [0.62, 0.62, 0.62]
		},
		"fixed": {
			"scale": [0.7, 0.7, 0.7]
		}
	}
}