{
	"credit": "Made with Blockbench",
	"ambientocclusion": false,
	"textures": {
		"1": "block/vine2",
		"particle": "block/vine",
		"vine": "block/vine"
	},
	"elements": [
		{
			"from": [0, 0, 0.8],
			"to": [16, 16, 0.8],
			"shade": false,
			"faces": {
				"north": {"uv": [16, 0, 0, 16], "texture": "#vine", "tintindex": 0},
				"south": {"uv": [0, 0, 16, 16], "texture": "#vine", "tintindex": 0}
			}
		},
		{
			"from": [2, 2, 3],
			"to": [5, 5, 3],
			"shade": false,
			"rotation": {"angle": -22.5, "axis": "x", "origin": [0, 0, 0]},
			"faces": {
				"north": {"uv": [3, 0, 6, 3], "texture": "#1", "tintindex": 0},
				"south": {"uv": [3, 0, 6, 3], "texture": "#1", "tintindex": 0}
			}
		},
		{
			"from": [9, 4, 3.8],
			"to": [12, 7, 3.8],
			"shade": false,
			"rotation": {"angle": -22.5, "axis": "x", "origin": [0, 0, 0]},
			"faces": {
				"north": {"uv": [0, 0, 3, 3], "texture": "#1", "tintindex": 0},
				"south": {"uv": [0, 0, 3, 3], "texture": "#1", "tintindex": 0}
			}
		},
		{
			"from": [4, 6, 4.6],
			"to": [7, 9, 4.6],
			"shade": false,
			"rotation": {"angle": -22.5, "axis": "x", "origin": [0, 0, 0]},
			"faces": {
				"north": {"uv": [6, 0, 9, 3], "texture": "#1", "tintindex": 0},
				"south": {"uv": [6, 0, 9, 3], "texture": "#1", "tintindex": 0}
			}
		},
		{
			"from": [7, 9, 5.9],
			"to": [10, 12, 5.9],
			"shade": false,
			"rotation": {"angle": -22.5, "axis": "x", "origin": [0, 0, 0]},
			"faces": {
				"north": {"uv": [3, 0, 6, 3], "texture": "#1", "tintindex": 0},
				"south": {"uv": [3, 0, 6, 3], "texture": "#1", "tintindex": 0}
			}
		},
		{
			"from": [3, 11, 6.7],
			"to": [6, 14, 6.7],
			"shade": false,
			"rotation": {"angle": -22.5, "axis": "x", "origin": [0, 0, 0]},
			"faces": {
				"north": {"uv": [0, 0, 3, 3], "texture": "#1", "tintindex": 0},
				"south": {"uv": [0, 0, 3, 3], "texture": "#1", "tintindex": 0}
			}
		},
		{
			"from": [6, -1, 1.7],
			"to": [9, 2, 1.7],
			"shade": false,
			"rotation": {"angle": -22.5, "axis": "x", "origin": [0, 0, 0]},
			"faces": {
				"north": {"uv": [6, 0, 9, 3], "texture": "#1", "tintindex": 0},
				"south": {"uv": [6, 0, 9, 3], "texture": "#1", "tintindex": 0}
			}
		}
	],
	"groups": [
		0,
		{
			"name": "group",
			"origin": [8, 8, 8],
			"color": 0,
			"children": [1, 2, 3, 4, 5, 6]
		}
	]
}