{
	"credit": "Made by Ecorn",
	"parent": "minecraft:block/template_fence_gate",
	"textures": {
		"texture": "block/birch_planks"
	},
	"elements": [
		{
			"from": [0, 0, 7.25],
			"to": [1, 16, 8.75],
			"faces": {
				"north": {"uv": [0, 0, 1, 16], "texture": "#texture"},
				"east": {"uv": [0, 0, 1.5, 16], "texture": "#texture"},
				"south": {"uv": [0, 0, 1, 16], "texture": "#texture"},
				"west": {"uv": [0, 0, 1.5, 16], "texture": "#texture"},
				"up": {"uv": [0, 0, 1, 1.5], "texture": "#texture"},
				"down": {"uv": [0, 0, 1, 1.5], "texture": "#texture"}
			}
		},
		{
			"from": [15, 0, 7.25],
			"to": [16, 16, 8.75],
			"faces": {
				"north": {"uv": [0, 0, 1, 16], "texture": "#texture"},
				"east": {"uv": [0, 0, 1.5, 16], "texture": "#texture"},
				"south": {"uv": [0, 0, 1, 16], "texture": "#texture"},
				"west": {"uv": [0, 0, 1.5, 16], "texture": "#texture"},
				"up": {"uv": [0, 0, 1, 1.5], "texture": "#texture"},
				"down": {"uv": [0, 0, 1, 1.5], "texture": "#texture"}
			}
		},
		{
			"from": [0, 0, 7.25],
			"to": [1, 16, 8.75],
			"faces": {
				"north": {"uv": [0, 0, 1, 16], "texture": "#texture"},
				"east": {"uv": [0, 0, 1.5, 16], "texture": "#texture"},
				"south": {"uv": [0, 0, 1, 16], "texture": "#texture"},
				"west": {"uv": [0, 0, 1.5, 16], "texture": "#texture"},
				"up": {"uv": [0, 0, 1, 1.5], "texture": "#texture"},
				"down": {"uv": [0, 0, 1, 1.5], "texture": "#texture"}
			}
		},
		{
			"from": [0, 2, 8.75],
			"to": [1, 5, 15.75],
			"faces": {
				"north": {"uv": [0, 0, 1, 3], "texture": "#texture"},
				"east": {"uv": [0, 0, 8, 3], "texture": "#texture"},
				"south": {"uv": [0, 0, 1, 3], "texture": "#texture"},
				"west": {"uv": [0, 0, 8, 3], "texture": "#texture"},
				"up": {"uv": [0, 0, 8, 1], "rotation": 90, "texture": "#texture"},
				"down": {"uv": [0, 0, 8, 1], "rotation": 270, "texture": "#texture"}
			}
		},
		{
			"from": [0, 7, 8.75],
			"to": [1, 10, 15.75],
			"faces": {
				"north": {"uv": [0, 0, 1, 3], "texture": "#texture"},
				"east": {"uv": [0, 0, 8, 3], "texture": "#texture"},
				"south": {"uv": [0, 0, 1, 3], "texture": "#texture"},
				"west": {"uv": [0, 0, 8, 3], "texture": "#texture"},
				"up": {"uv": [0, 0, 8, 1], "rotation": 90, "texture": "#texture"},
				"down": {"uv": [0, 0, 8, 1], "rotation": 270, "texture": "#texture"}
			}
		},
		{
			"from": [0, 12, 8.75],
			"to": [1, 15, 15.75],
			"faces": {
				"north": {"uv": [0, 0, 1, 3], "texture": "#texture"},
				"east": {"uv": [0, 0, 8, 3], "texture": "#texture"},
				"south": {"uv": [0, 0, 1, 3], "texture": "#texture"},
				"west": {"uv": [0, 0, 8, 3], "texture": "#texture"},
				"up": {"uv": [0, 0, 8, 1], "rotation": 90, "texture": "#texture"},
				"down": {"uv": [0, 0, 8, 1], "rotation": 270, "texture": "#texture"}
			}
		},
		{
			"from": [15, 12, 8.75],
			"to": [16, 15, 15.75],
			"faces": {
				"north": {"uv": [0, 0, 1, 3], "texture": "#texture"},
				"east": {"uv": [0, 0, 8, 3], "texture": "#texture"},
				"south": {"uv": [0, 0, 1, 3], "texture": "#texture"},
				"west": {"uv": [0, 0, 8, 3], "texture": "#texture"},
				"up": {"uv": [0, 0, 8, 1], "rotation": 270, "texture": "#texture"},
				"down": {"uv": [0, 0, 8, 1], "rotation": 90, "texture": "#texture"}
			}
		},
		{
			"from": [15, 7, 8.75],
			"to": [16, 10, 15.75],
			"faces": {
				"north": {"uv": [0, 0, 1, 3], "texture": "#texture"},
				"east": {"uv": [0, 0, 8, 3], "texture": "#texture"},
				"south": {"uv": [0, 0, 1, 3], "texture": "#texture"},
				"west": {"uv": [0, 0, 8, 3], "texture": "#texture"},
				"up": {"uv": [0, 0, 8, 1], "rotation": 270, "texture": "#texture"},
				"down": {"uv": [0, 0, 8, 1], "rotation": 90, "texture": "#texture"}
			}
		},
		{
			"from": [15, 2, 8.75],
			"to": [16, 5, 15.75],
			"faces": {
				"north": {"uv": [0, 0, 1, 3], "texture": "#texture"},
				"east": {"uv": [0, 0, 8, 3], "texture": "#texture"},
				"south": {"uv": [0, 0, 1, 3], "texture": "#texture"},
				"west": {"uv": [0, 0, 8, 3], "texture": "#texture"},
				"up": {"uv": [0, 0, 8, 1], "rotation": 270, "texture": "#texture"},
				"down": {"uv": [0, 0, 8, 1], "rotation": 90, "texture": "#texture"}
			}
		},
		{
			"from": [0, 5, 14.75],
			"to": [1, 7, 15.75],
			"faces": {
				"north": {"uv": [0, 0, 1, 2], "texture": "#texture"},
				"east": {"uv": [0, 0, 1, 2], "texture": "#texture"},
				"south": {"uv": [0, 0, 1, 2], "texture": "#texture"},
				"west": {"uv": [0, 0, 1, 2], "texture": "#texture"},
				"up": {"uv": [0, 0, 1, 1], "rotation": 90, "texture": "#texture"},
				"down": {"uv": [0, 0, 1, 1], "rotation": 270, "texture": "#texture"}
			}
		},
		{
			"from": [0, 10, 14.75],
			"to": [1, 12, 15.75],
			"faces": {
				"north": {"uv": [0, 0, 1, 2], "texture": "#texture"},
				"east": {"uv": [0, 0, 1, 2], "texture": "#texture"},
				"south": {"uv": [0, 0, 1, 2], "texture": "#texture"},
				"west": {"uv": [0, 0, 1, 2], "texture": "#texture"},
				"up": {"uv": [0, 0, 1, 1], "rotation": 90, "texture": "#texture"},
				"down": {"uv": [0, 0, 1, 1], "rotation": 270, "texture": "#texture"}
			}
		},
		{
			"from": [15, 10, 14.75],
			"to": [16, 12, 15.75],
			"faces": {
				"north": {"uv": [0, 0, 1, 2], "texture": "#texture"},
				"east": {"uv": [0, 0, 1, 2], "texture": "#texture"},
				"south": {"uv": [0, 0, 1, 2], "texture": "#texture"},
				"west": {"uv": [0, 0, 1, 2], "texture": "#texture"},
				"up": {"uv": [0, 0, 1, 1], "rotation": 270, "texture": "#texture"},
				"down": {"uv": [0, 0, 1, 1], "rotation": 90, "texture": "#texture"}
			}
		},
		{
			"from": [15, 5, 14.75],
			"to": [16, 7, 15.75],
			"faces": {
				"north": {"uv": [0, 0, 1, 2], "texture": "#texture"},
				"east": {"uv": [0, 0, 1, 2], "texture": "#texture"},
				"south": {"uv": [0, 0, 1, 2], "texture": "#texture"},
				"west": {"uv": [0, 0, 1, 2], "texture": "#texture"},
				"up": {"uv": [0, 0, 1, 1], "rotation": 270, "texture": "#texture"},
				"down": {"uv": [0, 0, 1, 1], "rotation": 90, "texture": "#texture"}
			}
		}
	]
}