{
	"credit": "Made by Ecorn",
	"parent": "minecraft:block/fence_side",
	"textures": {
		"texture": "block/birch_planks"
	},
	"elements": [
		{
			"from": [7.5, 7, 1],
			"to": [8.5, 10, 8],
			"faces": {
				"east": {"uv": [0, 0, 8, 3], "texture": "#texture"},
				"south": {"uv": [0, 0, 1, 3], "texture": "#texture"},
				"west": {"uv": [0, 0, 8, 3], "texture": "#texture"},
				"up": {"uv": [0, 0, 8, 1], "rotation": 270, "texture": "#texture"},
				"down": {"uv": [0, 0, 8, 1], "rotation": 90, "texture": "#texture"}
			}
		},
		{
			"from": [7.5, 2, 1],
			"to": [8.5, 5, 8],
			"faces": {
				"east": {"uv": [0, 0, 8, 3], "texture": "#texture"},
				"south": {"uv": [0, 0, 1, 3], "texture": "#texture"},
				"west": {"uv": [0, 0, 8, 3], "texture": "#texture"},
				"up": {"uv": [0, 0, 8, 1], "rotation": 270, "texture": "#texture"},
				"down": {"uv": [0, 0, 8, 1], "rotation": 90, "texture": "#texture"}
			}
		},
		{
			"from": [7.25, 0, 0],
			"to": [8.75, 16, 1],
			"faces": {
				"north": {"uv": [0, 0, 1.5, 16], "texture": "#texture"},
				"east": {"uv": [0, 0, 1, 16], "texture": "#texture"},
				"south": {"uv": [0, 0, 1.5, 16], "texture": "#texture"},
				"west": {"uv": [0, 0, 1, 16], "texture": "#texture"},
				"up": {"uv": [0, 0, 1, 1.5], "rotation": 270, "texture": "#texture"},
				"down": {"uv": [0, 0, 1, 1.5], "rotation": 90, "texture": "#texture"}
			}
		},
		{
			"from": [7.5, 12, 1],
			"to": [8.5, 15, 8],
			"faces": {
				"east": {"uv": [0, 0, 8, 3], "texture": "#texture"},
				"south": {"uv": [0, 0, 1, 3], "texture": "#texture"},
				"west": {"uv": [0, 0, 8, 3], "texture": "#texture"},
				"up": {"uv": [0, 0, 8, 1], "rotation": 270, "texture": "#texture"},
				"down": {"uv": [0, 0, 8, 1], "rotation": 90, "texture": "#texture"}
			}
		}
	]
}