{
	"credit": "Made by Ecorn",
	"textures": {
		"2": "block/crimson_door_bottom",
		"particle": "block/crimson_door_bottom"
	},
	"elements": [
		{
			"from": [7, 0, 0],
			"to": [9, 13, 2],
			"faces": {
				"north": {"uv": [8, 4, 10, 16], "texture": "#2"},
				"east": {"uv": [6, 4, 8, 16], "texture": "#2"},
				"south": {"uv": [13, 4, 15, 16], "texture": "#2"},
				"west": {"uv": [13, 4, 15, 16], "texture": "#2"},
				"up": {"uv": [11, 11, 13, 13], "texture": "#2"},
				"down": {"uv": [14, 0, 16, 1], "texture": "#2"}
			}
		},
		{
			"from": [7.25, 0, 2],
			"to": [8.75, 12, 6],
			"faces": {
				"east": {"uv": [8, 4, 12, 16], "texture": "#2"},
				"south": {"uv": [8, 4, 9.5, 16], "texture": "#2"},
				"west": {"uv": [8, 4, 12, 16], "texture": "#2"},
				"up": {"uv": [8, 4, 9.5, 7.5], "texture": "#2"},
				"down": {"uv": [8, 4, 9.5, 7.5], "texture": "#2"}
			}
		}
	]
}