{
	"credit": "Made by Ecorn",
	"textures": {
		"2": "block/crimson_door_bottom",
		"particle": "block/crimson_planks"
	},
	"elements": [
		{
			"from": [0, 0, 7],
			"to": [2, 13, 9],
			"rotation": {"angle": 0, "axis": "y", "origin": [8, 6.25, 8]},
			"faces": {
				"north": {"uv": [6, 4, 8, 16], "texture": "#2"},
				"east": {"uv": [13, 4, 15, 16], "texture": "#2"},
				"south": {"uv": [13, 4, 15, 16], "texture": "#2"},
				"west": {"uv": [8, 4, 10, 16], "texture": "#2"},
				"up": {"uv": [11, 9, 13, 11], "rotation": 270, "texture": "#2"},
				"down": {"uv": [10, 9, 12, 11], "rotation": 90, "texture": "#2"}
			}
		},
		{
			"from": [1.75, 0, 8],
			"to": [3.25, 12, 15],
			"rotation": {"angle": 0, "axis": "y", "origin": [4.5, 6, 8]},
			"faces": {
				"north": {"uv": [8, 4, 9.5, 16], "texture": "#2"},
				"east": {"uv": [8, 4, 15, 16], "texture": "#2"},
				"south": {"uv": [8, 6, 9.5, 16], "texture": "#2"},
				"west": {"uv": [8, 4, 15, 16], "texture": "#2"},
				"up": {"uv": [8, 6, 9.5, 14], "rotation": 180, "texture": "#2"},
				"down": {"uv": [8, 6, 9.5, 14], "rotation": 180, "texture": "#2"}
			}
		},
		{
			"from": [12.75, 0, 8],
			"to": [14.25, 12, 15],
			"rotation": {"angle": 0, "axis": "y", "origin": [11.5, 6, 8]},
			"faces": {
				"north": {"uv": [8, 4, 9.5, 16], "texture": "#2"},
				"east": {"uv": [8, 4, 15, 16], "texture": "#2"},
				"south": {"uv": [8, 6, 9.5, 16], "texture": "#2"},
				"west": {"uv": [8, 4, 15, 16], "texture": "#2"},
				"up": {"uv": [8, 6, 9.5, 14], "rotation": 180, "texture": "#2"},
				"down": {"uv": [8, 6, 9.5, 14], "rotation": 180, "texture": "#2"}
			}
		},
		{
			"from": [14, 0, 7],
			"to": [16, 13, 9],
			"rotation": {"angle": 0, "axis": "y", "origin": [8, 6.25, 8]},
			"faces": {
				"north": {"uv": [13, 4, 15, 16], "texture": "#2"},
				"east": {"uv": [8, 4, 10, 16], "texture": "#2"},
				"south": {"uv": [6, 4, 8, 16], "texture": "#2"},
				"west": {"uv": [13, 4, 15, 16], "texture": "#2"},
				"up": {"uv": [11, 9, 13, 11], "rotation": 90, "texture": "#2"},
				"down": {"uv": [10, 9, 12, 11], "rotation": 270, "texture": "#2"}
			}
		}
	]
}