{
	"credit": "Made by Ecorn",
	"parent": "minecraft:block/fence_post",
	"textures": {
		"1": "block/crimson_door_bottom",
		"particle": "block/crimson_door_bottom"
	},
	"elements": [
		{
			"name": "Center post",
			"from": [6, 0, 6],
			"to": [10, 16, 10],
			"faces": {
				"north": {"uv": [0, 0, 4, 16], "texture": "#1"},
				"east": {"uv": [12, 0, 16, 16], "texture": "#1"},
				"south": {"uv": [8, 0, 12, 16], "texture": "#1"},
				"west": {"uv": [4, 0, 8, 16], "texture": "#1"},
				"up": {"uv": [6, 0, 10, 4], "texture": "#1", "cullface": "up"},
				"down": {"uv": [6, 0, 10, 4], "texture": "#1", "cullface": "down"}
			}
		}
	]
}