{
	"credit": "Made by Ecorn",
	"textures": {
		"2": "block/crimson_door_bottom",
		"particle": "block/crimson_door_bottom"
	},
	"elements": [
		{
			"from": [0, 0, 7],
			"to": [2, 13, 9],
			"rotation": {"angle": 0, "axis": "y", "origin": [8, 6.25, 8]},
			"faces": {
				"north": {"uv": [6, 4, 8, 16], "texture": "#2"},
				"east": {"uv": [13, 4, 15, 16], "texture": "#2"},
				"south": {"uv": [13, 4, 15, 16], "texture": "#2"},
				"west": {"uv": [8, 4, 10, 16], "texture": "#2"},
				"up": {"uv": [11, 9, 13, 11], "rotation": 270, "texture": "#2"},
				"down": {"uv": [10, 9, 12, 11], "rotation": 90, "texture": "#2"}
			}
		},
		{
			"from": [1, 0, 7.25],
			"to": [8, 12, 8.75],
			"rotation": {"angle": 0, "axis": "y", "origin": [8, 6.25, 8]},
			"faces": {
				"north": {"uv": [8, 4, 15, 16], "texture": "#2"},
				"south": {"uv": [8, 4, 15, 16], "texture": "#2"},
				"up": {"uv": [8, 6, 9.5, 14], "rotation": 270, "texture": "#2"},
				"down": {"uv": [8, 6, 9.5, 14], "rotation": 90, "texture": "#2"}
			}
		},
		{
			"from": [8, 0, 7.25],
			"to": [15, 12, 8.75],
			"rotation": {"angle": 0, "axis": "y", "origin": [8, 6.25, 8]},
			"faces": {
				"north": {"uv": [8, 4, 15, 16], "texture": "#2"},
				"south": {"uv": [8, 4, 15, 16], "texture": "#2"},
				"up": {"uv": [8, 6, 9.5, 14], "rotation": 90, "texture": "#2"},
				"down": {"uv": [8, 6, 9.5, 14], "rotation": 270, "texture": "#2"}
			}
		},
		{
			"from": [14, 0, 7],
			"to": [16, 13, 9],
			"rotation": {"angle": 0, "axis": "y", "origin": [8, 6.25, 8]},
			"faces": {
				"north": {"uv": [13, 4, 15, 16], "texture": "#2"},
				"east": {"uv": [8, 4, 10, 16], "texture": "#2"},
				"south": {"uv": [6, 4, 8, 16], "texture": "#2"},
				"west": {"uv": [13, 4, 15, 16], "texture": "#2"},
				"up": {"uv": [11, 9, 13, 11], "rotation": 90, "texture": "#2"},
				"down": {"uv": [10, 9, 12, 11], "rotation": 270, "texture": "#2"}
			}
		}
	],
	"display": {
		"thirdperson_righthand": {
			"rotation": [75, 30, 0],
			"translation": [0, 0.75, 0],
			"scale": [0.375, 0.375, 0.375]
		},
		"thirdperson_lefthand": {
			"rotation": [75, 30, 0],
			"translation": [0, 0.75, 0],
			"scale": [0.375, 0.375, 0.375]
		},
		"firstperson_righthand": {
			"rotation": [0, -60, 0],
			"scale": [0.5, 0.5, 0.5]
		},
		"firstperson_lefthand": {
			"rotation": [0, -60, 0],
			"scale": [0.5, 0.5, 0.5]
		},
		"ground": {
			"translation": [0, 3, 0],
			"scale": [0.5, 0.5, 0.5]
		},
		"gui": {
			"rotation": [30, 225, 0],
			"translation": [0, 0.5, 0],
			"scale": [0.7, 0.7, 0.7]
		},
		"fixed": {
			"scale": [0.7, 0.7, 0.7]
		}
	}
}