{
	"credit": "Made by Ecorn",
	"parent": "minecraft:block/template_fence_gate",
	"textures": {
		"1": "block/dark_oak_log",
		"2": "block/dark_oak_log_top",
		"3": "block/stripped_dark_oak_log",
		"particle": "block/dark_oak_log"
	},
	"elements": [
		{
			"from": [0.5, 6, 7],
			"to": [9.5, 8, 9],
			"rotation": {"angle": -45, "axis": "z", "origin": [5.5, 8, 8]},
			"faces": {
				"north": {"uv": [0, 1, 10, 3], "rotation": 180, "texture": "#3"},
				"east": {"uv": [0, 1, 2, 3], "texture": "#3"},
				"south": {"uv": [0, 1, 10, 3], "texture": "#3"},
				"up": {"uv": [0, 1, 10, 3], "texture": "#3"},
				"down": {"uv": [0, 1, 10, 3], "texture": "#3"}
			}
		},
		{
			"from": [0, 10, 6.5],
			"to": [7, 13, 9.5],
			"rotation": {"angle": 0, "axis": "y", "origin": [-7.5, -1, 0]},
			"faces": {
				"north": {"uv": [0, 0, 7, 3], "texture": "#3"},
				"south": {"uv": [0, 0, 7, 3], "texture": "#3"},
				"up": {"uv": [0, 0, 3, 7], "rotation": 270, "texture": "#3"},
				"down": {"uv": [0, 0, 3, 7], "rotation": 90, "texture": "#3"}
			}
		},
		{
			"from": [6.5, 6, 7],
			"to": [15.5, 8, 9],
			"rotation": {"angle": 45, "axis": "z", "origin": [10.5, 8, 8]},
			"faces": {
				"north": {"uv": [0, 1, 10, 3], "texture": "#3"},
				"south": {"uv": [0, 1, 10, 3], "rotation": 180, "texture": "#3"},
				"west": {"uv": [0, 1, 2, 3], "texture": "#3"},
				"up": {"uv": [0, 1, 10, 3], "rotation": 180, "texture": "#3"},
				"down": {"uv": [0, 1, 10, 3], "rotation": 180, "texture": "#3"}
			}
		},
		{
			"from": [9, 10, 6.5],
			"to": [16, 13, 9.5],
			"rotation": {"angle": 0, "axis": "y", "origin": [12.51777, 9.22487, 8]},
			"faces": {
				"north": {"uv": [0, 0, 7, 3], "texture": "#3"},
				"south": {"uv": [0, 0, 7, 3], "texture": "#3"},
				"up": {"uv": [0, 0, 3, 7], "rotation": 90, "texture": "#3"},
				"down": {"uv": [0, 0, 3, 7], "rotation": 270, "texture": "#3"}
			}
		},
		{
			"from": [8, 3.5, 6],
			"to": [9, 14, 10],
			"rotation": {"angle": 0, "axis": "y", "origin": [0.5, 0, 0]},
			"faces": {
				"north": {"uv": [0, 0, 1, 10.5], "texture": "#3"},
				"east": {"uv": [0, 0, 4, 10.5], "texture": "#3"},
				"south": {"uv": [0, 0, 1, 10.5], "texture": "#3"},
				"up": {"uv": [0, 0, 1, 4], "texture": "#3"},
				"down": {"uv": [0, 0, 1, 4], "texture": "#3"}
			}
		},
		{
			"from": [7, 3.5, 6],
			"to": [8, 14, 10],
			"rotation": {"angle": 0, "axis": "y", "origin": [0.5, 0, 0]},
			"faces": {
				"north": {"uv": [1, 0, 2, 10.5], "texture": "#3"},
				"south": {"uv": [1, 0, 2, 10.5], "texture": "#3"},
				"west": {"uv": [0, 0, 4, 10.5], "texture": "#3"},
				"up": {"uv": [1, 0, 2, 4], "texture": "#3"},
				"down": {"uv": [1, 0, 2, 4], "texture": "#3"}
			}
		},
		{
			"from": [-0.5, 0, 6],
			"to": [2.5, 14, 10],
			"faces": {
				"north": {"uv": [0, 0, 3, 14], "texture": "#1"},
				"east": {"uv": [0, 0, 4, 14], "texture": "#1"},
				"south": {"uv": [0, 0, 3, 14], "texture": "#1"},
				"west": {"uv": [0, 0, 4, 14], "texture": "#1"},
				"up": {"uv": [6, 6, 9, 10], "texture": "#2"},
				"down": {"uv": [6, 6, 9, 10], "texture": "#2"}
			}
		},
		{
			"from": [13.5, 0, 6],
			"to": [16.5, 14, 10],
			"faces": {
				"north": {"uv": [0, 0, 3, 14], "texture": "#1"},
				"east": {"uv": [0, 0, 4, 14], "texture": "#1"},
				"south": {"uv": [0, 0, 3, 14], "texture": "#1"},
				"west": {"uv": [0, 0, 4, 14], "texture": "#1"},
				"up": {"uv": [7, 6, 10, 10], "texture": "#2"},
				"down": {"uv": [7, 6, 10, 10], "texture": "#2"}
			}
		}
	],
	"display": {
		"thirdperson_righthand": {
			"rotation": [75, 30, 0],
			"translation": [0, 0.75, 0],
			"scale": [0.375, 0.375, 0.375]
		},
		"thirdperson_lefthand": {
			"rotation": [75, 30, 0],
			"translation": [0, 0.75, 0],
			"scale": [0.375, 0.375, 0.375]
		},
		"firstperson_righthand": {
			"rotation": [0, -60, 0],
			"scale": [0.5, 0.5, 0.5]
		},
		"firstperson_lefthand": {
			"rotation": [0, -60, 0],
			"scale": [0.5, 0.5, 0.5]
		},
		"ground": {
			"translation": [0, 3, 0],
			"scale": [0.5, 0.5, 0.5]
		},
		"gui": {
			"rotation": [30, 225, 0],
			"translation": [0, 0.5, 0],
			"scale": [0.7, 0.7, 0.7]
		},
		"fixed": {
			"scale": [0.7, 0.7, 0.7]
		}
	},
	"groups": [
		{
			"name": "group",
			"origin": [0, 0, 0],
			"color": 0,
			"children": [
				0,
				1,
				{
					"name": "group",
					"origin": [-5, -1, 0],
					"color": 0,
					"children": [2, 3]
				},
				4,
				5
			]
		},
		6,
		7
	]
}