{
	"credit": "Made by Ecorn",
	"parent": "minecraft:block/fence_side",
	"textures": {
		"1": "block/bamboo_stalk",
		"2": "block/jungle_log",
		"particle": "block/bamboo_stalk"
	},
	"elements": [
		{
			"from": [15, 0, 7],
			"to": [16, 14, 9],
			"faces": {
				"north": {"uv": [0, 0, 1, 14], "texture": "#1"},
				"east": {"uv": [0, 0, 2, 14], "texture": "#1"},
				"south": {"uv": [0, 0, 1, 14], "texture": "#1"},
				"up": {"uv": [13, 2, 15, 3], "rotation": 90, "texture": "#1"},
				"down": {"uv": [14, 0, 16, 1], "rotation": 270, "texture": "#1"}
			}
		},
		{
			"from": [0, 0, 7],
			"to": [1, 14, 9],
			"faces": {
				"north": {"uv": [0, 0, 1, 14], "texture": "#1"},
				"south": {"uv": [0, 0, 1, 14], "texture": "#1"},
				"west": {"uv": [0, 0, 2, 14], "texture": "#1"},
				"up": {"uv": [13, 2, 15, 3], "rotation": 270, "texture": "#1"},
				"down": {"uv": [14, 0, 16, 1], "rotation": 90, "texture": "#1"}
			}
		},
		{
			"from": [1, 0, 7],
			"to": [3, 16, 9],
			"faces": {
				"north": {"uv": [0, 0, 2, 16], "texture": "#2"},
				"east": {"uv": [0, 0, 2, 16], "texture": "#2"},
				"south": {"uv": [0, 0, 2, 16], "texture": "#2"},
				"west": {"uv": [0, 0, 2, 16], "texture": "#2"},
				"up": {"uv": [0, 0, 2, 2], "texture": "#2"},
				"down": {"uv": [0, 0, 2, 2], "texture": "#2"}
			}
		},
		{
			"from": [13, 0, 7],
			"to": [15, 16, 9],
			"faces": {
				"north": {"uv": [0, 0, 2, 16], "texture": "#2"},
				"east": {"uv": [0, 0, 2, 16], "texture": "#2"},
				"south": {"uv": [0, 0, 2, 16], "texture": "#2"},
				"west": {"uv": [0, 0, 2, 16], "texture": "#2"},
				"up": {"uv": [0, 0, 2, 2], "texture": "#2"},
				"down": {"uv": [0, 0, 2, 2], "texture": "#2"}
			}
		},
		{
			"from": [3, 10, 7],
			"to": [8, 12, 9],
			"faces": {
				"north": {"uv": [1, 4, 6, 6], "texture": "#2"},
				"south": {"uv": [1, 4, 6, 6], "texture": "#2"},
				"up": {"uv": [1, 4, 6, 6], "texture": "#2"},
				"down": {"uv": [1, 4, 6, 6], "texture": "#2"}
			}
		},
		{
			"from": [8, 10, 7],
			"to": [13, 12, 9],
			"faces": {
				"north": {"uv": [11, 14, 16, 16], "texture": "#2"},
				"south": {"uv": [11, 14, 16, 16], "texture": "#2"},
				"up": {"uv": [11, 14, 16, 16], "texture": "#2"},
				"down": {"uv": [11, 14, 16, 16], "texture": "#2"}
			}
		},
		{
			"from": [8, 3, 7],
			"to": [13, 5, 9],
			"faces": {
				"north": {"uv": [6, 0, 11, 2], "texture": "#2"},
				"south": {"uv": [6, 0, 11, 2], "texture": "#2"},
				"up": {"uv": [6, 0, 11, 2], "texture": "#2"},
				"down": {"uv": [6, 0, 11, 2], "texture": "#2"}
			}
		},
		{
			"from": [3, 3, 7],
			"to": [8, 5, 9],
			"faces": {
				"north": {"uv": [1, 4, 6, 6], "texture": "#2"},
				"south": {"uv": [1, 4, 6, 6], "texture": "#2"},
				"up": {"uv": [1, 4, 6, 6], "texture": "#2"},
				"down": {"uv": [1, 4, 6, 6], "texture": "#2"}
			}
		},
		{
			"from": [8, 5, 7],
			"to": [10, 10, 9],
			"faces": {
				"north": {"uv": [1, 3, 3, 8], "texture": "#2"},
				"east": {"uv": [1, 3, 3, 8], "texture": "#2"},
				"south": {"uv": [1, 3, 3, 8], "texture": "#2"}
			}
		},
		{
			"from": [6, 5, 7],
			"to": [8, 10, 9],
			"faces": {
				"north": {"uv": [3, 3, 5, 8], "texture": "#2"},
				"south": {"uv": [3, 3, 5, 8], "texture": "#2"},
				"west": {"uv": [3, 3, 5, 8], "texture": "#2"}
			}
		}
	]
}