{
	"credit": "Made by Ecorn",
	"parent": "minecraft:block/fence_side",
	"textures": {
		"1": "block/bamboo_stalk",
		"2": "block/jungle_log",
		"particle": "block/bamboo_stalk"
	},
	"elements": [
		{
			"from": [7, 0, 0],
			"to": [9, 14, 1],
			"faces": {
				"north": {"uv": [0, 0, 2, 14], "texture": "#1"},
				"east": {"uv": [0, 0, 1, 14], "texture": "#1"},
				"south": {"uv": [0, 0, 2, 14], "texture": "#1"},
				"west": {"uv": [0, 0, 1, 14], "texture": "#1"},
				"up": {"uv": [13, 2, 15, 3], "texture": "#1"},
				"down": {"uv": [14, 0, 16, 1], "texture": "#1"}
			}
		},
		{
			"from": [7, 0, 2.75],
			"to": [9, 14, 4.75],
			"faces": {
				"north": {"uv": [0, 0, 2, 14], "texture": "#1"},
				"east": {"uv": [0, 0, 2, 14], "texture": "#1"},
				"south": {"uv": [0, 0, 2, 14], "texture": "#1"},
				"west": {"uv": [0, 0, 2, 14], "texture": "#1"},
				"up": {"uv": [14, 1, 16, 3], "texture": "#1"},
				"down": {"uv": [13, 0, 15, 2], "texture": "#1"}
			}
		},
		{
			"from": [7.5, 3.5, 1],
			"to": [8.5, 4.5, 2.75],
			"faces": {
				"east": {"uv": [0, 0, 1.75, 1], "texture": "#2"},
				"west": {"uv": [0, 0, 1.75, 1], "texture": "#2"},
				"up": {"uv": [0, 0, 1, 1.75], "texture": "#2"},
				"down": {"uv": [0, 0, 1, 1.75], "texture": "#2"}
			}
		},
		{
			"from": [7.5, 3.5, 4.75],
			"to": [8.5, 4.5, 6.5],
			"faces": {
				"east": {"uv": [0, 0, 1.75, 1], "texture": "#2"},
				"south": {"uv": [0, 0, 1, 1], "texture": "#2"},
				"west": {"uv": [0, 0, 1.75, 1], "texture": "#2"},
				"up": {"uv": [0, 0, 1, 1.75], "texture": "#2"},
				"down": {"uv": [0, 0, 1, 1.75], "texture": "#2"}
			}
		},
		{
			"from": [7.5, 9.5, 4.75],
			"to": [8.5, 10.5, 6.5],
			"faces": {
				"east": {"uv": [10, 0, 11.75, 1], "texture": "#2"},
				"south": {"uv": [10, 0, 11, 1], "texture": "#2"},
				"west": {"uv": [10, 0, 11.75, 1], "texture": "#2"},
				"up": {"uv": [10, 0, 11, 1.75], "texture": "#2"},
				"down": {"uv": [10, 0, 11, 1.75], "texture": "#2"}
			}
		},
		{
			"from": [7.5, 9.5, 1],
			"to": [8.5, 10.5, 2.75],
			"faces": {
				"east": {"uv": [1, 3, 2.75, 4], "texture": "#2"},
				"west": {"uv": [1, 3, 2.75, 4], "texture": "#2"},
				"up": {"uv": [1, 3, 2, 4.75], "texture": "#2"},
				"down": {"uv": [1, 3, 2, 4.75], "texture": "#2"}
			}
		}
	]
}