{
	"credit": "Made by Ecorn",
	"parent": "minecraft:block/fence_post",
	"textures": {
		"particle": "block/nether_bricks",
		"texture": "block/nether_bricks"
	},
	"elements": [
		{
			"from": [6.25, 2, 6.25],
			"to": [9.75, 15.75, 9.75],
			"faces": {
				"north": {"uv": [0, 1, 3, 0], "texture": "#texture"},
				"east": {"uv": [6, 1, 9, 0], "texture": "#texture"},
				"south": {"uv": [9, 1, 12, 0], "texture": "#texture"},
				"west": {"uv": [3, 1, 6, 0], "texture": "#texture"}
			}
		},
		{
			"from": [6, 0, 6],
			"to": [10, 2, 10],
			"faces": {
				"north": {"uv": [8, 13, 12, 15], "texture": "#texture"},
				"east": {"uv": [0, 1, 4, 3], "texture": "#texture"},
				"south": {"uv": [6, 1, 10, 3], "texture": "#texture"},
				"west": {"uv": [8, 13, 12, 15], "texture": "#texture"},
				"up": {"uv": [0, 4, 4, 8], "texture": "#texture"},
				"down": {"uv": [12, 12, 16, 16], "texture": "#texture"}
			}
		},
		{
			"from": [6, 2.5, 6],
			"to": [10, 4.5, 10],
			"faces": {
				"north": {"uv": [5, 13, 9, 15], "texture": "#texture"},
				"east": {"uv": [0, 13, 4, 15], "texture": "#texture"},
				"south": {"uv": [8, 1, 12, 3], "texture": "#texture"},
				"west": {"uv": [1, 5, 5, 7], "texture": "#texture"},
				"up": {"uv": [12, 0, 16, 4], "texture": "#texture"},
				"down": {"uv": [12, 12, 16, 16], "texture": "#texture"}
			}
		},
		{
			"from": [6, 5, 6],
			"to": [10, 7, 10],
			"faces": {
				"north": {"uv": [4, 5, 8, 7], "texture": "#texture"},
				"east": {"uv": [12, 5, 16, 7], "texture": "#texture"},
				"south": {"uv": [12, 5, 16, 7], "texture": "#texture"},
				"west": {"uv": [8, 13, 12, 15], "texture": "#texture"},
				"up": {"uv": [4, 12, 8, 16], "texture": "#texture"},
				"down": {"uv": [12, 12, 16, 16], "texture": "#texture"}
			}
		},
		{
			"from": [6, 7.5, 6],
			"to": [10, 9.5, 10],
			"faces": {
				"north": {"uv": [0, 13, 4, 15], "texture": "#texture"},
				"east": {"uv": [8, 1, 12, 3], "texture": "#texture"},
				"south": {"uv": [4, 5, 8, 7], "texture": "#texture"},
				"west": {"uv": [12, 5, 16, 7], "texture": "#texture"},
				"up": {"uv": [4, 12, 8, 16], "texture": "#texture"},
				"down": {"uv": [12, 12, 16, 16], "texture": "#texture"}
			}
		},
		{
			"from": [6, 10, 6],
			"to": [10, 12, 10],
			"faces": {
				"north": {"uv": [0, 1, 4, 3], "texture": "#texture"},
				"east": {"uv": [8, 13, 12, 15], "texture": "#texture"},
				"south": {"uv": [0, 13, 4, 15], "texture": "#texture"},
				"west": {"uv": [11, 5, 15, 7], "texture": "#texture"},
				"up": {"uv": [4, 12, 8, 16], "texture": "#texture"},
				"down": {"uv": [12, 12, 16, 16], "texture": "#texture"}
			}
		},
		{
			"from": [6, 12.5, 6],
			"to": [10, 14.5, 10],
			"faces": {
				"north": {"uv": [8, 1, 12, 3], "texture": "#texture"},
				"east": {"uv": [0, 1, 4, 3], "texture": "#texture"},
				"south": {"uv": [12, 5, 16, 7], "texture": "#texture"},
				"west": {"uv": [0, 13, 4, 15], "texture": "#texture"},
				"up": {"uv": [4, 12, 8, 16], "texture": "#texture"},
				"down": {"uv": [12, 12, 16, 16], "texture": "#texture"}
			}
		},
		{
			"from": [6, 15, 6],
			"to": [10, 16, 10],
			"faces": {
				"north": {"uv": [1, 5, 5, 7], "texture": "#texture"},
				"east": {"uv": [8, 1, 12, 3], "texture": "#texture"},
				"south": {"uv": [4, 6, 8, 8], "texture": "#texture"},
				"west": {"uv": [0, 1, 4, 3], "texture": "#texture"},
				"up": {"uv": [7, 12, 11, 16], "texture": "#texture"},
				"down": {"uv": [12, 12, 16, 16], "texture": "#texture"}
			}
		}
	]
}