{
	"credit": "Made by Ecorn",
	"parent": "minecraft:block/template_wall_side",
	"textures": {
		"wall": "block/nether_bricks"
	},
	"elements": [
		{
			"from": [6.5, 0, 0],
			"to": [9.5, 2, 2],
			"faces": {
				"north": {"uv": [8, 13, 11, 15], "texture": "#wall"},
				"east": {"uv": [0, 13, 2, 15], "texture": "#wall"},
				"south": {"uv": [8, 1, 11, 3], "texture": "#wall"},
				"west": {"uv": [4, 5, 6, 7], "texture": "#wall"},
				"up": {"uv": [11, 4, 14, 6], "texture": "#wall"},
				"down": {"uv": [12, 12, 15, 14], "texture": "#wall"}
			}
		},
		{
			"from": [6.5, 5, 0],
			"to": [9.5, 7, 2],
			"faces": {
				"north": {"uv": [1, 5, 4, 7], "texture": "#wall"},
				"east": {"uv": [8, 1, 10, 3], "texture": "#wall"},
				"south": {"uv": [8, 13, 11, 15], "texture": "#wall"},
				"west": {"uv": [0, 13, 2, 15], "texture": "#wall"},
				"up": {"uv": [11, 4, 14, 6], "texture": "#wall"},
				"down": {"uv": [12, 12, 15, 14], "texture": "#wall"}
			}
		},
		{
			"from": [6.5, 2.5, 4.75],
			"to": [9.5, 4.5, 6],
			"faces": {
				"north": {"uv": [1, 5, 4, 7], "texture": "#wall"},
				"east": {"uv": [8, 9, 10, 11], "texture": "#wall"},
				"south": {"uv": [8, 13, 11, 15], "texture": "#wall"},
				"west": {"uv": [12, 9, 14, 11], "texture": "#wall"},
				"up": {"uv": [11, 4, 14, 6], "texture": "#wall"},
				"down": {"uv": [12, 12, 15, 14], "texture": "#wall"}
			}
		},
		{
			"from": [6.75, 1, 0],
			"to": [9.25, 15.75, 6],
			"faces": {
				"north": {"uv": [0, 0, 2, 1], "texture": "#wall"},
				"east": {"uv": [0, 0, 6, 1], "texture": "#wall"},
				"south": {"uv": [0, 0, 2, 1], "texture": "#wall"},
				"west": {"uv": [0, 0, 6, 1], "texture": "#wall"},
				"up": {"uv": [0, 0, 2, 1], "texture": "#wall"}
			}
		},
		{
			"from": [6.75, 0, 2],
			"to": [9.25, 1, 2.5],
			"faces": {
				"east": {"uv": [0, 0, 6, 1], "texture": "#wall"},
				"west": {"uv": [0, 0, 6, 1], "texture": "#wall"},
				"down": {"uv": [0, 0, 2, 1], "texture": "#wall"}
			}
		},
		{
			"from": [6.75, 0, 5.5],
			"to": [9.25, 1, 6],
			"faces": {
				"east": {"uv": [0, 0, 6, 1], "texture": "#wall"},
				"south": {"uv": [0, 0, 2, 1], "texture": "#wall"},
				"west": {"uv": [0, 0, 6, 1], "texture": "#wall"},
				"down": {"uv": [0, 0, 2, 1], "texture": "#wall"}
			}
		},
		{
			"from": [6.75, 2, 6],
			"to": [9.25, 2.5, 6.5],
			"faces": {
				"east": {"uv": [0, 0, 6, 1], "texture": "#wall"},
				"south": {"uv": [0, 0, 2, 1], "texture": "#wall"},
				"west": {"uv": [0, 0, 6, 1], "texture": "#wall"},
				"up": {"uv": [0, 0, 2, 1], "texture": "#wall"},
				"down": {"uv": [0, 0, 2, 1], "texture": "#wall"}
			}
		},
		{
			"from": [6.75, 4.5, 6],
			"to": [9.25, 5, 6.5],
			"faces": {
				"east": {"uv": [0, 0, 6, 1], "texture": "#wall"},
				"south": {"uv": [0, 0, 2, 1], "texture": "#wall"},
				"west": {"uv": [0, 0, 6, 1], "texture": "#wall"},
				"up": {"uv": [0, 0, 2, 1], "texture": "#wall"},
				"down": {"uv": [0, 0, 2, 1], "texture": "#wall"}
			}
		},
		{
			"from": [6.75, 7, 6],
			"to": [9.25, 7.5, 6.5],
			"faces": {
				"east": {"uv": [0, 0, 6, 1], "texture": "#wall"},
				"south": {"uv": [0, 0, 2, 1], "texture": "#wall"},
				"west": {"uv": [0, 0, 6, 1], "texture": "#wall"},
				"up": {"uv": [0, 0, 2, 1], "texture": "#wall"},
				"down": {"uv": [0, 0, 2, 1], "texture": "#wall"}
			}
		},
		{
			"from": [6.75, 9.5, 6],
			"to": [9.25, 10, 6.5],
			"faces": {
				"east": {"uv": [0, 0, 6, 1], "texture": "#wall"},
				"south": {"uv": [0, 0, 2, 1], "texture": "#wall"},
				"west": {"uv": [0, 0, 6, 1], "texture": "#wall"},
				"up": {"uv": [0, 0, 2, 1], "texture": "#wall"},
				"down": {"uv": [0, 0, 2, 1], "texture": "#wall"}
			}
		},
		{
			"from": [6.75, 12, 6],
			"to": [9.25, 12.5, 6.5],
			"faces": {
				"east": {"uv": [0, 0, 6, 1], "texture": "#wall"},
				"south": {"uv": [0, 0, 2, 1], "texture": "#wall"},
				"west": {"uv": [0, 0, 6, 1], "texture": "#wall"},
				"up": {"uv": [0, 0, 2, 1], "texture": "#wall"},
				"down": {"uv": [0, 0, 2, 1], "texture": "#wall"}
			}
		},
		{
			"from": [6.75, 14.5, 6],
			"to": [9.25, 15, 6.5],
			"faces": {
				"east": {"uv": [0, 0, 6, 1], "texture": "#wall"},
				"south": {"uv": [0, 0, 2, 1], "texture": "#wall"},
				"west": {"uv": [0, 0, 6, 1], "texture": "#wall"},
				"up": {"uv": [0, 0, 2, 1], "texture": "#wall"},
				"down": {"uv": [0, 0, 2, 1], "texture": "#wall"}
			}
		},
		{
			"from": [6.5, 2.5, 0.25],
			"to": [9.5, 4.5, 4.25],
			"faces": {
				"north": {"uv": [8, 13, 12, 16], "texture": "#wall"},
				"east": {"uv": [0, 13, 4, 16], "texture": "#wall"},
				"south": {"uv": [8, 1, 12, 4], "texture": "#wall"},
				"west": {"uv": [4, 5, 8, 7], "texture": "#wall"},
				"up": {"uv": [11, 4, 15, 8], "texture": "#wall"},
				"down": {"uv": [12, 12, 16, 16], "texture": "#wall"}
			}
		},
		{
			"from": [6.5, 7.5, 4.75],
			"to": [9.5, 9.5, 6],
			"faces": {
				"north": {"uv": [1, 5, 4, 7], "texture": "#wall"},
				"east": {"uv": [6, 1, 7.5, 3], "texture": "#wall"},
				"south": {"uv": [8, 13, 11, 15], "texture": "#wall"},
				"west": {"uv": [2, 13, 3.25, 15], "texture": "#wall"},
				"up": {"uv": [11, 4, 14, 5.25], "texture": "#wall"},
				"down": {"uv": [12, 12, 15, 13.25], "texture": "#wall"}
			}
		},
		{
			"from": [6.5, 7.5, 0.25],
			"to": [9.5, 9.5, 4.25],
			"faces": {
				"north": {"uv": [8, 13, 12, 16], "texture": "#wall"},
				"east": {"uv": [0, 13, 4, 16], "texture": "#wall"},
				"south": {"uv": [8, 1, 12, 4], "texture": "#wall"},
				"west": {"uv": [4, 5, 8, 7], "texture": "#wall"},
				"up": {"uv": [11, 4, 15, 8], "texture": "#wall"},
				"down": {"uv": [12, 12, 16, 16], "texture": "#wall"}
			}
		},
		{
			"from": [6.5, 0, 2.5],
			"to": [9.5, 2, 5.5],
			"faces": {
				"north": {"uv": [8, 13, 11, 15], "texture": "#wall"},
				"east": {"uv": [0, 1, 3, 3], "texture": "#wall"},
				"south": {"uv": [6, 1, 9, 3], "texture": "#wall"},
				"west": {"uv": [8, 13, 11, 15], "texture": "#wall"},
				"up": {"uv": [11, 4, 14, 7], "texture": "#wall"},
				"down": {"uv": [12, 12, 15, 15], "texture": "#wall"}
			}
		},
		{
			"from": [6.5, 5, 2.5],
			"to": [9.5, 7, 5.5],
			"faces": {
				"north": {"uv": [0, 13, 3, 15], "texture": "#wall"},
				"east": {"uv": [8, 13, 11, 15], "texture": "#wall"},
				"south": {"uv": [4, 5, 7, 7], "texture": "#wall"},
				"west": {"uv": [8, 13, 11, 15], "texture": "#wall"},
				"up": {"uv": [11, 4, 14, 7], "texture": "#wall"},
				"down": {"uv": [12, 12, 15, 15], "texture": "#wall"}
			}
		},
		{
			"from": [6.5, 10, 0],
			"to": [9.5, 12, 2],
			"faces": {
				"north": {"uv": [1, 5, 4, 7], "texture": "#wall"},
				"east": {"uv": [8, 1, 10, 3], "texture": "#wall"},
				"south": {"uv": [8, 13, 11, 15], "texture": "#wall"},
				"west": {"uv": [0, 13, 2, 15], "texture": "#wall"},
				"up": {"uv": [11, 4, 14, 6], "texture": "#wall"},
				"down": {"uv": [12, 12, 15, 14], "texture": "#wall"}
			}
		},
		{
			"from": [6.5, 10, 2.5],
			"to": [9.5, 12, 5.5],
			"faces": {
				"north": {"uv": [0, 13, 3, 15], "texture": "#wall"},
				"east": {"uv": [8, 13, 11, 15], "texture": "#wall"},
				"south": {"uv": [4, 5, 7, 7], "texture": "#wall"},
				"west": {"uv": [8, 13, 11, 15], "texture": "#wall"},
				"up": {"uv": [11, 4, 14, 7], "texture": "#wall"},
				"down": {"uv": [12, 12, 15, 15], "texture": "#wall"}
			}
		},
		{
			"from": [6.5, 15, 2.5],
			"to": [9.5, 16, 5.5],
			"faces": {
				"north": {"uv": [0, 13, 3, 14], "texture": "#wall"},
				"east": {"uv": [8, 13, 11, 14], "texture": "#wall"},
				"south": {"uv": [4, 5, 7, 6], "texture": "#wall"},
				"west": {"uv": [8, 13, 11, 14], "texture": "#wall"},
				"up": {"uv": [13, 5, 16, 8], "texture": "#wall"},
				"down": {"uv": [12, 12, 15, 15], "texture": "#wall"}
			}
		},
		{
			"from": [6.5, 12.5, 0.25],
			"to": [9.5, 14.5, 4.25],
			"faces": {
				"north": {"uv": [8, 13, 12, 16], "texture": "#wall"},
				"east": {"uv": [0, 13, 4, 16], "texture": "#wall"},
				"south": {"uv": [8, 1, 12, 4], "texture": "#wall"},
				"west": {"uv": [4, 5, 8, 7], "texture": "#wall"},
				"up": {"uv": [11, 4, 15, 8], "texture": "#wall"},
				"down": {"uv": [12, 12, 16, 16], "texture": "#wall"}
			}
		},
		{
			"from": [6.5, 12.5, 4.75],
			"to": [9.5, 14.5, 6],
			"faces": {
				"north": {"uv": [1, 5, 4, 7], "texture": "#wall"},
				"east": {"uv": [6, 1, 7.5, 3], "texture": "#wall"},
				"south": {"uv": [8, 13, 11, 15], "texture": "#wall"},
				"west": {"uv": [2, 13, 3.25, 15], "texture": "#wall"},
				"up": {"uv": [11, 4, 14, 5.25], "texture": "#wall"},
				"down": {"uv": [12, 12, 15, 13.25], "texture": "#wall"}
			}
		},
		{
			"from": [6.5, 15, 0],
			"to": [9.5, 16, 2],
			"faces": {
				"north": {"uv": [1, 5, 4, 6], "texture": "#wall"},
				"east": {"uv": [8, 1, 10, 2], "texture": "#wall"},
				"south": {"uv": [8, 13, 11, 14], "texture": "#wall"},
				"west": {"uv": [0, 13, 2, 14], "texture": "#wall"},
				"up": {"uv": [13, 5, 16, 7], "texture": "#wall"},
				"down": {"uv": [12, 12, 15, 14], "texture": "#wall"}
			}
		}
	]
}