{
	"credit": "Made by Ecorn",
	"parent": "minecraft:block/template_fence_gate",
	"textures": {
		"1": "block/oak_log",
		"particle": "block/oak_log",
		"texture": "block/oak_planks"
	},
	"elements": [
		{
			"from": [-1, 3, 8.57917],
			"to": [1, 5, 14.82917],
			"rotation": {"angle": 0, "axis": "y", "origin": [0, 8, 13]},
			"faces": {
				"north": {"uv": [10, 2, 12, 4], "texture": "#texture"},
				"east": {"uv": [10, 2, 16, 4], "texture": "#texture"},
				"west": {"uv": [10, 2, 16, 4], "texture": "#texture"},
				"up": {"uv": [10, 2, 12, 8], "texture": "#texture"},
				"down": {"uv": [10, 2, 12, 8], "texture": "#texture"}
			}
		},
		{
			"from": [-1, 11, 8.57917],
			"to": [1, 13, 14.82917],
			"rotation": {"angle": 0, "axis": "y", "origin": [0, 8, 13]},
			"faces": {
				"north": {"uv": [0, 6, 2, 8], "texture": "#texture"},
				"east": {"uv": [0, 6, 6, 8], "texture": "#texture"},
				"west": {"uv": [0, 6, 6, 8], "texture": "#texture"},
				"up": {"uv": [0, 6, 2, 12], "texture": "#texture"},
				"down": {"uv": [0, 6, 2, 12], "texture": "#texture"}
			}
		},
		{
			"from": [-0.5, 6.5, 8.07917],
			"to": [0.5, 7.5, 16.07917],
			"rotation": {"angle": -22.5, "axis": "x", "origin": [0, 7, 12.07917]},
			"faces": {
				"east": {"uv": [0, 1, 8, 2], "texture": "#texture"},
				"west": {"uv": [8, 1, 0, 2], "texture": "#texture"},
				"up": {"uv": [8, 1, 0, 2], "rotation": 90, "texture": "#texture"},
				"down": {"uv": [0, 1, 8, 2], "rotation": 90, "texture": "#texture"}
			}
		},
		{
			"from": [-0.5, 8.5, 8.07917],
			"to": [0.5, 9.5, 16.07917],
			"rotation": {"angle": 22.5, "axis": "x", "origin": [0, 9, 12.07917]},
			"faces": {
				"east": {"uv": [8, 12, 0, 13], "texture": "#texture"},
				"west": {"uv": [0, 12, 8, 13], "texture": "#texture"},
				"up": {"uv": [0, 12, 8, 13], "rotation": 270, "texture": "#texture"},
				"down": {"uv": [8, 13, 0, 12], "rotation": 90, "texture": "#texture"}
			}
		},
		{
			"from": [-1, 7, 14.22917],
			"to": [1, 9, 15.22917],
			"rotation": {"angle": 0, "axis": "y", "origin": [0, 8, 13]},
			"faces": {
				"north": {"uv": [12, 5, 14, 7], "texture": "#1"},
				"east": {"uv": [11, 2, 12, 4], "texture": "#1"},
				"west": {"uv": [11, 2, 12, 4], "texture": "#1"},
				"up": {"uv": [12, 1, 14, 2], "texture": "#1"},
				"down": {"uv": [11, 3, 13, 4], "texture": "#1"}
			}
		},
		{
			"from": [-1.25, 2, 14.82917],
			"to": [1.25, 14, 16.57917],
			"rotation": {"angle": 0, "axis": "y", "origin": [0, 8, 13]},
			"faces": {
				"north": {"uv": [0, 0, 2.5, 12], "texture": "#texture"},
				"east": {"uv": [0, 0, 1.75, 12], "texture": "#texture"},
				"south": {"uv": [0, 0, 2.5, 12], "texture": "#texture"},
				"west": {"uv": [0, 0, 1.75, 12], "texture": "#texture"},
				"up": {"uv": [0, 0, 1.75, 2.5], "rotation": 90, "texture": "#texture"},
				"down": {"uv": [0, 0, 1.75, 2.5], "rotation": 270, "texture": "#texture"}
			}
		},
		{
			"from": [15, 7, 14.22917],
			"to": [17, 9, 15.22917],
			"rotation": {"angle": 0, "axis": "y", "origin": [2, 8, 13]},
			"faces": {
				"north": {"uv": [12, 5, 14, 7], "texture": "#1"},
				"east": {"uv": [11, 2, 12, 4], "texture": "#1"},
				"west": {"uv": [11, 2, 12, 4], "texture": "#1"},
				"up": {"uv": [12, 1, 14, 2], "texture": "#1"},
				"down": {"uv": [11, 3, 13, 4], "texture": "#1"}
			}
		},
		{
			"from": [15.5, 8.5, 8.07917],
			"to": [16.5, 9.5, 16.07917],
			"rotation": {"angle": 22.5, "axis": "x", "origin": [16, 9, 12.07917]},
			"faces": {
				"east": {"uv": [8, 12, 0, 13], "texture": "#texture"},
				"west": {"uv": [0, 12, 8, 13], "texture": "#texture"},
				"up": {"uv": [0, 12, 8, 13], "rotation": 270, "texture": "#texture"},
				"down": {"uv": [8, 13, 0, 12], "rotation": 90, "texture": "#texture"}
			}
		},
		{
			"from": [15.5, 6.5, 8.07917],
			"to": [16.5, 7.5, 16.07917],
			"rotation": {"angle": -22.5, "axis": "x", "origin": [16, 7, 12.07917]},
			"faces": {
				"east": {"uv": [0, 1, 8, 2], "texture": "#texture"},
				"west": {"uv": [8, 1, 0, 2], "texture": "#texture"},
				"up": {"uv": [8, 1, 0, 2], "rotation": 90, "texture": "#texture"},
				"down": {"uv": [0, 1, 8, 2], "rotation": 90, "texture": "#texture"}
			}
		},
		{
			"from": [15, 11, 8.57917],
			"to": [17, 13, 14.82917],
			"rotation": {"angle": 0, "axis": "y", "origin": [2, 8, 13]},
			"faces": {
				"north": {"uv": [0, 6, 2, 8], "texture": "#texture"},
				"east": {"uv": [0, 6, 6, 8], "texture": "#texture"},
				"west": {"uv": [0, 6, 6, 8], "texture": "#texture"},
				"up": {"uv": [0, 6, 2, 12], "texture": "#texture"},
				"down": {"uv": [0, 6, 2, 12], "texture": "#texture"}
			}
		},
		{
			"from": [15, 3, 8.57917],
			"to": [17, 5, 14.82917],
			"rotation": {"angle": 0, "axis": "y", "origin": [2, 8, 13]},
			"faces": {
				"north": {"uv": [10, 2, 12, 4], "texture": "#texture"},
				"east": {"uv": [10, 2, 16, 4], "texture": "#texture"},
				"west": {"uv": [10, 2, 16, 4], "texture": "#texture"},
				"up": {"uv": [10, 2, 12, 8], "texture": "#texture"},
				"down": {"uv": [10, 2, 12, 8], "texture": "#texture"}
			}
		},
		{
			"from": [14.75, 2, 14.82917],
			"to": [17.25, 14, 16.57917],
			"rotation": {"angle": 0, "axis": "y", "origin": [2, 8, 13]},
			"faces": {
				"north": {"uv": [0, 0, 2.5, 12], "texture": "#texture"},
				"east": {"uv": [0, 0, 1.75, 12], "texture": "#texture"},
				"south": {"uv": [0, 0, 2.5, 12], "texture": "#texture"},
				"west": {"uv": [0, 0, 1.75, 12], "texture": "#texture"},
				"up": {"uv": [0, 0, 1.75, 2.5], "rotation": 90, "texture": "#texture"},
				"down": {"uv": [0, 0, 1.75, 2.5], "rotation": 270, "texture": "#texture"}
			}
		},
		{
			"from": [-0.75, 2, 6.75],
			"to": [0.75, 14, 9.25],
			"faces": {
				"north": {"uv": [0, 0, 1.5, 12], "texture": "#texture"},
				"east": {"uv": [0, 0, 2.5, 12], "texture": "#texture"},
				"south": {"uv": [0, 0, 1.5, 12], "texture": "#texture"},
				"west": {"uv": [0, 0, 2.5, 12], "texture": "#texture"},
				"up": {"uv": [0, 0, 1.5, 2.5], "texture": "#texture"},
				"down": {"uv": [0, 0, 1.5, 2.5], "texture": "#texture"}
			}
		},
		{
			"from": [15.25, 2, 6.75],
			"to": [16.75, 14, 9.25],
			"faces": {
				"north": {"uv": [0, 0, 1.5, 12], "texture": "#texture"},
				"east": {"uv": [0, 0, 2.5, 12], "texture": "#texture"},
				"south": {"uv": [0, 0, 1.5, 12], "texture": "#texture"},
				"west": {"uv": [0, 0, 2.5, 12], "texture": "#texture"},
				"up": {"uv": [0, 0, 1.5, 2.5], "texture": "#texture"},
				"down": {"uv": [0, 0, 1.5, 2.5], "texture": "#texture"}
			}
		}
	]
}