{
	"credit": "Made by Ecorn",
	"parent": "minecraft:block/fence_side",
	"textures": {
		"1": "block/oak_log",
		"particle": "block/oak_log",
		"texture": "block/oak_planks"
	},
	"elements": [
		{
			"from": [7, 3, 0],
			"to": [9, 5, 6],
			"rotation": {"angle": 0, "axis": "y", "origin": [8, 8, 5]},
			"faces": {
				"north": {"uv": [10, 2, 12, 4], "texture": "#texture"},
				"east": {"uv": [10, 2, 16, 4], "texture": "#texture"},
				"south": {"uv": [10, 2, 12, 4], "texture": "#texture"},
				"west": {"uv": [10, 2, 16, 4], "texture": "#texture"},
				"up": {"uv": [10, 2, 12, 8], "texture": "#texture"},
				"down": {"uv": [10, 2, 12, 8], "texture": "#texture"}
			}
		},
		{
			"from": [7, 11, 0],
			"to": [9, 13, 6],
			"rotation": {"angle": 0, "axis": "y", "origin": [8, 8, 5]},
			"faces": {
				"north": {"uv": [0, 6, 2, 8], "texture": "#texture"},
				"east": {"uv": [0, 6, 6, 8], "texture": "#texture"},
				"south": {"uv": [0, 6, 2, 8], "texture": "#texture"},
				"west": {"uv": [0, 6, 6, 8], "texture": "#texture"},
				"up": {"uv": [0, 6, 2, 12], "texture": "#texture"},
				"down": {"uv": [0, 6, 2, 12], "texture": "#texture"}
			}
		},
		{
			"from": [7.5, 6.5, -0.5],
			"to": [8.5, 7.5, 7.5],
			"rotation": {"angle": -22.5, "axis": "x", "origin": [8, 7, 3.5]},
			"faces": {
				"north": {"uv": [0, 0, 1, 1], "texture": "#texture"},
				"east": {"uv": [0, 1, 8, 2], "texture": "#texture"},
				"south": {"uv": [0, 0, 1, 1], "texture": "#texture"},
				"west": {"uv": [8, 1, 0, 2], "texture": "#texture"},
				"up": {"uv": [8, 1, 0, 2], "rotation": 90, "texture": "#texture"},
				"down": {"uv": [0, 1, 8, 2], "rotation": 90, "texture": "#texture"}
			}
		},
		{
			"from": [7.5, 8.5, -0.5],
			"to": [8.5, 9.5, 7.5],
			"rotation": {"angle": 22.5, "axis": "x", "origin": [8, 9, 3.5]},
			"faces": {
				"north": {"uv": [0, 0, 1, 1], "texture": "#texture"},
				"east": {"uv": [8, 12, 0, 13], "texture": "#texture"},
				"south": {"uv": [0, 0, 1, 1], "texture": "#texture"},
				"west": {"uv": [0, 12, 8, 13], "texture": "#texture"},
				"up": {"uv": [0, 12, 8, 13], "rotation": 270, "texture": "#texture"},
				"down": {"uv": [8, 13, 0, 12], "rotation": 90, "texture": "#texture"}
			}
		},
		{
			"from": [7, 7, 5.4],
			"to": [9, 9, 6.4],
			"faces": {
				"north": {"uv": [12, 5, 14, 7], "texture": "#1"},
				"east": {"uv": [11, 2, 12, 4], "texture": "#1"},
				"south": {"uv": [11, 2, 13, 4], "texture": "#1"},
				"west": {"uv": [11, 2, 12, 4], "texture": "#1"},
				"up": {"uv": [12, 1, 14, 2], "texture": "#1"},
				"down": {"uv": [11, 3, 13, 4], "texture": "#1"}
			}
		}
	]
}