{
	"credit": "Made by Ecorn",
	"parent": "minecraft:block/fence_post",
	"textures": {
		"1": "block/spruce_log",
		"particle": "block/spruce_log"
	},
	"elements": [
		{
			"from": [6, 0, 6],
			"to": [10, 16, 10],
			"faces": {
				"north": {"uv": [8, 0, 12, 16], "texture": "#1"},
				"east": {"uv": [4, 0, 8, 16], "texture": "#1"},
				"south": {"uv": [0, 0, 4, 16], "texture": "#1"},
				"west": {"uv": [12, 0, 16, 16], "texture": "#1"},
				"up": {"uv": [0, 0, 4, 4], "rotation": 180, "texture": "#1"},
				"down": {"uv": [0, 12, 4, 16], "rotation": 180, "texture": "#1"}
			}
		}
	]
}