{
	"credit": "Made by Ecorn",
	"parent": "minecraft:block/template_fence_gate",
	"textures": {
		"1": "block/warped_stem",
		"2": "block/warped_stem_top",
		"particle": "block/warped_stem",
		"texture": "block/warped_planks"
	},
	"elements": [
		{
			"from": [-2, 0, 6],
			"to": [2, 16, 10],
			"faces": {
				"north": {"uv": [4, 0, 8, 16], "texture": "#1"},
				"east": {"uv": [0, 0, 4, 16], "texture": "#1"},
				"south": {"uv": [12, 0, 16, 16], "texture": "#1"},
				"west": {"uv": [8, 0, 12, 16], "texture": "#1"},
				"up": {"uv": [6, 6, 10, 10], "rotation": 90, "texture": "#2"},
				"down": {"uv": [6, 6, 10, 10], "rotation": 270, "texture": "#2"}
			}
		},
		{
			"from": [0.33333, 10.5, 10.16667],
			"to": [1.33333, 14.5, 15.91667],
			"rotation": {"angle": 0, "axis": "y", "origin": [5.83333, 9.91667, 8]},
			"faces": {
				"north": {"uv": [6, 12, 7, 16], "texture": "#texture"},
				"east": {"uv": [1, 12, 7, 16], "texture": "#texture"},
				"west": {"uv": [1, 12, 7, 16], "texture": "#texture"},
				"up": {"uv": [1, 12, 7, 13], "rotation": 270, "texture": "#texture"},
				"down": {"uv": [1, 15, 7, 16], "rotation": 90, "texture": "#texture"}
			}
		},
		{
			"from": [0.33333, 5.25, 10.16667],
			"to": [1.33333, 9.25, 15.91667],
			"rotation": {"angle": 0, "axis": "y", "origin": [5.83333, 9.91667, 8]},
			"faces": {
				"north": {"uv": [5, 8, 6, 12], "texture": "#texture"},
				"east": {"uv": [0, 8, 6, 12], "texture": "#texture"},
				"west": {"uv": [0, 8, 6, 12], "texture": "#texture"},
				"up": {"uv": [0, 8, 6, 9], "rotation": 270, "texture": "#texture"},
				"down": {"uv": [0, 11, 6, 12], "rotation": 90, "texture": "#texture"}
			}
		},
		{
			"from": [14, 0, 6],
			"to": [18, 16, 10],
			"faces": {
				"north": {"uv": [12, 0, 16, 16], "texture": "#1"},
				"east": {"uv": [8, 0, 12, 16], "texture": "#1"},
				"south": {"uv": [4, 0, 8, 16], "texture": "#1"},
				"west": {"uv": [0, 0, 4, 16], "texture": "#1"},
				"up": {"uv": [6, 6, 10, 10], "rotation": 270, "texture": "#2"},
				"down": {"uv": [6, 6, 10, 10], "rotation": 90, "texture": "#2"}
			}
		},
		{
			"from": [14.75, 5.25, 10.25],
			"to": [15.75, 9.25, 16],
			"rotation": {"angle": 0, "axis": "y", "origin": [10.25, 9.91667, 8]},
			"faces": {
				"north": {"uv": [5, 8, 6, 12], "texture": "#texture"},
				"east": {"uv": [0, 8, 5, 12], "texture": "#texture"},
				"west": {"uv": [0, 8, 5, 12], "texture": "#texture"},
				"up": {"uv": [0, 8, 6, 9], "rotation": 270, "texture": "#texture"},
				"down": {"uv": [0, 11, 6, 12], "rotation": 90, "texture": "#texture"}
			}
		},
		{
			"from": [14.75, 10.5, 10.25],
			"to": [15.75, 14.5, 16],
			"rotation": {"angle": 0, "axis": "y", "origin": [10.25, 9.91667, 8]},
			"faces": {
				"north": {"uv": [6, 12, 7, 16], "texture": "#texture"},
				"east": {"uv": [1, 12, 6, 16], "texture": "#texture"},
				"west": {"uv": [1, 12, 6, 16], "texture": "#texture"},
				"up": {"uv": [1, 12, 7, 13], "rotation": 270, "texture": "#texture"},
				"down": {"uv": [1, 15, 7, 16], "rotation": 90, "texture": "#texture"}
			}
		},
		{
			"from": [-0.16667, 5, 15.16667],
			"to": [1.83333, 15, 16.16667],
			"rotation": {"angle": 0, "axis": "y", "origin": [5.83333, 9.91667, 8]},
			"faces": {
				"north": {"uv": [0, 0, 2, 10], "texture": "#texture"},
				"east": {"uv": [2, 0, 3, 10], "texture": "#texture"},
				"south": {"uv": [0, 0, 2, 10], "texture": "#texture"},
				"west": {"uv": [0, 0, 1, 10], "texture": "#texture"},
				"up": {"uv": [0, 0, 1, 2], "rotation": 90, "texture": "#texture"},
				"down": {"uv": [0, 0, 1, 2], "rotation": 270, "texture": "#texture"}
			}
		},
		{
			"from": [14.25, 5, 15.25],
			"to": [16.25, 15, 16.25],
			"rotation": {"angle": 0, "axis": "y", "origin": [10.25, 9.91667, 8]},
			"faces": {
				"north": {"uv": [0, 0, 2, 10], "texture": "#texture"},
				"east": {"uv": [2, 0, 3, 10], "texture": "#texture"},
				"south": {"uv": [0, 0, 2, 10], "texture": "#texture"},
				"west": {"uv": [0, 0, 1, 10], "texture": "#texture"},
				"up": {"uv": [0, 0, 1, 2], "rotation": 270, "texture": "#texture"},
				"down": {"uv": [0, 0, 1, 2], "rotation": 90, "texture": "#texture"}
			}
		}
	]
}