{
	"credit": "Made by Ecorn",
	"parent": "minecraft:block/fence_side",
	"textures": {
		"texture": "block/warped_planks"
	},
	"elements": [
		{
			"from": [7.5, 0, 0],
			"to": [8.5, 4, 6],
			"faces": {
				"north": {"uv": [0, 0, 1, 4], "texture": "#texture"},
				"east": {"uv": [0, 0, 6, 4], "texture": "#texture"},
				"south": {"uv": [5, 0, 6, 4], "texture": "#texture"},
				"west": {"uv": [0, 0, 6, 4], "texture": "#texture"},
				"up": {"uv": [0, 0, 6, 1], "rotation": 90, "texture": "#texture"},
				"down": {"uv": [0, 3, 6, 4], "rotation": 270, "texture": "#texture"}
			}
		},
		{
			"from": [7.5, 5.25, 0],
			"to": [8.5, 9.25, 6],
			"faces": {
				"north": {"uv": [0, 8, 1, 12], "texture": "#texture"},
				"east": {"uv": [0, 8, 6, 12], "texture": "#texture"},
				"south": {"uv": [5, 8, 6, 12], "texture": "#texture"},
				"west": {"uv": [0, 8, 6, 12], "texture": "#texture"},
				"up": {"uv": [0, 8, 6, 9], "rotation": 90, "texture": "#texture"},
				"down": {"uv": [0, 11, 6, 12], "rotation": 270, "texture": "#texture"}
			}
		},
		{
			"from": [7.5, 10.5, 0],
			"to": [8.5, 14.5, 6],
			"faces": {
				"north": {"uv": [1, 12, 2, 16], "texture": "#texture"},
				"east": {"uv": [1, 12, 7, 16], "texture": "#texture"},
				"south": {"uv": [6, 12, 7, 16], "texture": "#texture"},
				"west": {"uv": [1, 12, 7, 16], "texture": "#texture"},
				"up": {"uv": [1, 12, 7, 13], "rotation": 90, "texture": "#texture"},
				"down": {"uv": [1, 15, 7, 16], "rotation": 270, "texture": "#texture"}
			}
		}
	]
}