{
	"credit": "Made with Blockbench",
	"parent": "block/block",
	"textures": {
		"b": "block/cactus_bottom",
		"t": "block/cactus_top",
		"particle": "block/cactus_side",
		"s": "block/cactus_side"
	},
	"elements": [
		{
			"from": [1, 0, 0],
			"to": [15, 16, 16],
			"faces": {
				"east": {"uv": [0, 0, 16, 16], "texture": "#s"},
				"west": {"uv": [0, 0, 16, 16], "texture": "#s"}
			}
		},
		{
			"from": [0, 0, 1],
			"to": [16, 16, 15],
			"faces": {
				"north": {"uv": [0, 0, 16, 16], "texture": "#s"},
				"south": {"uv": [0, 0, 16, 16], "texture": "#s"}
			}
		},
		{
			"from": [0, 0, 0],
			"to": [16, 16, 16],
			"faces": {
				"up": {"uv": [0, 0, 16, 16], "texture": "#t", "cullface": "up"},
				"down": {"uv": [0, 0, 16, 16], "texture": "#b", "cullface": "down"}
			}
		},
		{
			"from": [6.75, 3.5, -8],
			"to": [12.75, 8.5, -3],
			"faces": {
				"north": {"uv": [5, 8, 11, 13], "texture": "#s"},
				"east": {"uv": [6, 8, 11, 13], "texture": "#s"},
				"west": {"uv": [5, 8, 10, 13], "texture": "#s"},
				"down": {"uv": [5, 7, 11, 12], "rotation": 180, "texture": "#s"}
			}
		},
		{
			"from": [6.75, 3.5, -3],
			"to": [12.75, 8.5, 1],
			"faces": {
				"east": {"uv": [15, 8, 11, 13], "texture": "#s"},
				"west": {"uv": [11, 8, 15, 13], "texture": "#s"},
				"up": {"uv": [5, 12, 11, 16], "texture": "#s"},
				"down": {"uv": [5, 12, 11, 16], "rotation": 180, "texture": "#s"}
			}
		},
		{
			"from": [6.75, 8.5, -8],
			"to": [12.75, 14.5, -2],
			"faces": {
				"north": {"uv": [5, 2, 11, 8], "texture": "#s"},
				"east": {"uv": [5, 2, 11, 8], "texture": "#s"},
				"south": {"uv": [5, 2, 11, 8], "texture": "#s"},
				"west": {"uv": [5, 2, 11, 8], "texture": "#s"},
				"up": {"uv": [5, 6, 11, 12], "rotation": 180, "texture": "#t"}
			}
		}
	]
}