{
	"credit": "Made with Blockbench",
	"ambientocclusion": false,
	"textures": {
		"0": "block/fern",
		"particle": "block/fern"
	},
	"elements": [
		{
			"from": [0, 4.25, 3.7],
			"to": [16, 4.25, 10.7],
			"shade": false,
			"rotation": {"angle": -45, "axis": "x", "origin": [8, 8.25, 8], "rescale": true},
			"faces": {
				"up": {"uv": [0, 6, 16, 13], "rotation": 180, "texture": "#0", "tintindex": 0},
				"down": {"uv": [0, 6, 16, 13], "texture": "#0", "tintindex": 0}
			}
		},
		{
			"from": [0, 4.25, 5.3],
			"to": [16, 4.25, 12.3],
			"shade": false,
			"rotation": {"angle": 45, "axis": "x", "origin": [8, 8.25, 8], "rescale": true},
			"faces": {
				"up": {"uv": [0, 6, 16, 13], "texture": "#0", "tintindex": 0},
				"down": {"uv": [0, 6, 16, 13], "rotation": 180, "texture": "#0", "tintindex": 0}
			}
		},
		{
			"from": [3.7, 4.25, 0],
			"to": [10.7, 4.25, 16],
			"shade": false,
			"rotation": {"angle": 45, "axis": "z", "origin": [8, 8.25, 8], "rescale": true},
			"faces": {
				"up": {"uv": [0, 6, 16, 13], "rotation": 90, "texture": "#0", "tintindex": 0},
				"down": {"uv": [0, 6, 16, 13], "rotation": 90, "texture": "#0", "tintindex": 0}
			}
		},
		{
			"from": [-3.34, 4.73, 0],
			"to": [2.66, 4.73, 16],
			"shade": false,
			"rotation": {"angle": -22.5, "axis": "z", "origin": [8, 8, 8], "rescale": true},
			"faces": {
				"up": {"uv": [0, 0, 16, 6], "rotation": 270, "texture": "#0", "tintindex": 0},
				"down": {"uv": [0, 0, 16, 6], "rotation": 270, "texture": "#0", "tintindex": 0}
			}
		},
		{
			"from": [13.34, 4.73, 0],
			"to": [20.34, 4.73, 16],
			"shade": false,
			"rotation": {"angle": 22.5, "axis": "z", "origin": [8, 8, 8], "rescale": true},
			"faces": {
				"up": {"uv": [0, 0, 16, 6], "rotation": 90, "texture": "#0", "tintindex": 0},
				"down": {"uv": [0, 0, 16, 6], "rotation": 90, "texture": "#0", "tintindex": 0}
			}
		},
		{
			"from": [0, 4.73, 13.34],
			"to": [16, 4.73, 19.34],
			"shade": false,
			"rotation": {"angle": -22.5, "axis": "x", "origin": [8, 8, 8], "rescale": true},
			"faces": {
				"up": {"uv": [0, 0, 16, 6], "rotation": 180, "texture": "#0", "tintindex": 0},
				"down": {"uv": [0, 0, 16, 6], "texture": "#0", "tintindex": 0}
			}
		},
		{
			"from": [0, 4.73, -4.34],
			"to": [16, 4.73, 2.66],
			"shade": false,
			"rotation": {"angle": 22.5, "axis": "x", "origin": [8, 8, 8], "rescale": true},
			"faces": {
				"up": {"uv": [0, 0, 16, 6], "texture": "#0", "tintindex": 0},
				"down": {"uv": [0, 0, 16, 6], "rotation": 180, "texture": "#0", "tintindex": 0}
			}
		},
		{
			"from": [5.3, 4.25, 0],
			"to": [12.3, 4.25, 16],
			"shade": false,
			"rotation": {"angle": -45, "axis": "z", "origin": [8, 8.25, 8], "rescale": true},
			"faces": {
				"up": {"uv": [0, 6, 16, 13], "rotation": 270, "texture": "#0", "tintindex": 0},
				"down": {"uv": [0, 6, 16, 13], "rotation": 270, "texture": "#0", "tintindex": 0}
			}
		},
		{
			"from": [0.8, 0, 8],
			"to": [15.2, 16, 8],
			"shade": false,
			"rotation": {"angle": 45, "axis": "y", "origin": [8, 8.25, 8], "rescale": true},
			"faces": {
				"north": {"uv": [0, 0, 16, 16], "texture": "#0", "tintindex": 0},
				"south": {"uv": [0, 0, 16, 16], "texture": "#0", "tintindex": 0}
			}
		},
		{
			"from": [8, 0, 0.8],
			"to": [8, 16, 15.2],
			"shade": false,
			"rotation": {"angle": 45, "axis": "y", "origin": [8, 8.25, 8], "rescale": true},
			"faces": {
				"east": {"uv": [0, 0, 16, 16], "texture": "#0", "tintindex": 0},
				"west": {"uv": [0, 0, 16, 16], "texture": "#0", "tintindex": 0}
			}
		}
	]
}