{
	"credit": "Made with Blockbench",
	"ambientocclusion": false,
	"textures": {
		"0": "block/hanging_roots",
		"particle": "block/hanging_roots"
	},
	"elements": [
		{
			"from": [4.25, -0.35, 0],
			"to": [4.25, 15.65, 16],
			"shade": false,
			"rotation": {"angle": -22.5, "axis": "z", "origin": [8, 8.25, 8]},
			"faces": {
				"east": {"uv": [16, 0, 0, 16], "texture": "#0"},
				"west": {"uv": [0, 0, 16, 16], "texture": "#0"}
			}
		},
		{
			"from": [11.75, -0.35, 0],
			"to": [11.75, 15.65, 16],
			"shade": false,
			"rotation": {"angle": 22.5, "axis": "z", "origin": [8, 8.25, 8]},
			"faces": {
				"east": {"uv": [0, 0, 16, 16], "texture": "#0"},
				"west": {"uv": [16, 0, 0, 16], "texture": "#0"}
			}
		},
		{
			"from": [0, -0.35, 11.75],
			"to": [16, 15.65, 11.75],
			"shade": false,
			"rotation": {"angle": -22.5, "axis": "x", "origin": [8, 8.25, 8]},
			"faces": {
				"north": {"uv": [16, 0, 0, 16], "texture": "#0"},
				"south": {"uv": [0, 0, 16, 16], "texture": "#0"}
			}
		},
		{
			"from": [0.05, -0.35, 4.25],
			"to": [16.05, 15.65, 4.25],
			"shade": false,
			"rotation": {"angle": 22.5, "axis": "x", "origin": [8, 8.25, 8]},
			"faces": {
				"north": {"uv": [0, 0, 16, 16], "texture": "#0"},
				"south": {"uv": [16, 0, 0, 16], "texture": "#0"}
			}
		},
		{
			"from": [0.8, 0.5, 8],
			"to": [15.2, 16.5, 8],
			"shade": false,
			"rotation": {"angle": 45, "axis": "y", "origin": [8, 8.25, 8], "rescale": true},
			"faces": {
				"north": {"uv": [0, 0, 16, 16], "texture": "#0"},
				"south": {"uv": [16, 0, 0, 16], "texture": "#0"}
			}
		},
		{
			"from": [8, 0.5, 0.8],
			"to": [8, 16.5, 15.2],
			"shade": false,
			"rotation": {"angle": 45, "axis": "y", "origin": [8, 8.25, 8], "rescale": true},
			"faces": {
				"east": {"uv": [0, 0, 16, 16], "texture": "#0"},
				"west": {"uv": [16, 0, 0, 16], "texture": "#0"}
			}
		}
	]
}