{
	"credit": "Made with Blockbench",
	"ambientocclusion": false,
	"textures": {
		"0": "block/fern",
		"1": "block/flower_pot",
		"b": "block/dirt",
		"particle": "block/flower_pot"
	},
	"elements": [
		{
			"from": [3.55, 9, 3.25],
			"to": [12.35, 17, 3.25],
			"rotation": {"angle": -45, "axis": "x", "origin": [10, 13.5, 8], "rescale": true},
			"faces": {
				"north": {"uv": [4, 0, 12, 8], "texture": "#0", "tintindex": 0},
				"south": {"uv": [12, 0, 4, 8], "texture": "#0", "tintindex": 0}
			}
		},
		{
			"from": [12.75, 9, 3.55],
			"to": [12.75, 17, 12.35],
			"rotation": {"angle": -45, "axis": "z", "origin": [8, 13.5, 10], "rescale": true},
			"faces": {
				"east": {"uv": [4, 0, 12, 8], "texture": "#0", "tintindex": 0},
				"west": {"uv": [12, 0, 4, 8], "texture": "#0", "tintindex": 0}
			}
		},
		{
			"from": [3.55, 9, 12.75],
			"to": [12.35, 17, 12.75],
			"rotation": {"angle": 45, "axis": "x", "origin": [10, 13.5, 8], "rescale": true},
			"faces": {
				"north": {"uv": [12, 0, 4, 8], "texture": "#0", "tintindex": 0},
				"south": {"uv": [4, 0, 12, 8], "texture": "#0", "tintindex": 0}
			}
		},
		{
			"from": [3.25, 9, 3.55],
			"to": [3.25, 17, 12.35],
			"rotation": {"angle": 45, "axis": "z", "origin": [8, 13.5, 10], "rescale": true},
			"faces": {
				"east": {"uv": [12, 0, 4, 8], "texture": "#0", "tintindex": 0},
				"west": {"uv": [4, 0, 12, 8], "texture": "#0", "tintindex": 0}
			}
		},
		{
			"from": [5, 0, 5],
			"to": [6, 6, 11],
			"faces": {
				"north": {"uv": [10, 10, 11, 16], "texture": "#1"},
				"east": {"uv": [5, 10, 11, 16], "texture": "#1"},
				"south": {"uv": [5, 10, 6, 16], "texture": "#1"},
				"west": {"uv": [5, 10, 11, 16], "texture": "#1"},
				"up": {"uv": [5, 5, 6, 11], "texture": "#1"},
				"down": {"uv": [5, 5, 6, 11], "texture": "#1", "cullface": "down"}
			}
		},
		{
			"from": [10, 0, 5],
			"to": [11, 6, 11],
			"faces": {
				"north": {"uv": [5, 10, 6, 16], "texture": "#1"},
				"east": {"uv": [5, 10, 11, 16], "texture": "#1"},
				"south": {"uv": [10, 10, 11, 16], "texture": "#1"},
				"west": {"uv": [5, 10, 11, 16], "texture": "#1"},
				"up": {"uv": [10, 5, 11, 11], "texture": "#1"},
				"down": {"uv": [10, 5, 11, 11], "texture": "#1", "cullface": "down"}
			}
		},
		{
			"from": [6, 0, 5],
			"to": [10, 6, 6],
			"faces": {
				"north": {"uv": [6, 10, 10, 16], "texture": "#1"},
				"south": {"uv": [6, 10, 10, 16], "texture": "#1"},
				"up": {"uv": [6, 5, 10, 6], "texture": "#1"},
				"down": {"uv": [6, 10, 10, 11], "texture": "#1", "cullface": "down"}
			}
		},
		{
			"from": [6, 0, 10],
			"to": [10, 6, 11],
			"faces": {
				"north": {"uv": [6, 10, 10, 16], "texture": "#1"},
				"south": {"uv": [6, 10, 10, 16], "texture": "#1"},
				"up": {"uv": [6, 10, 10, 11], "texture": "#1"},
				"down": {"uv": [6, 5, 10, 6], "texture": "#1", "cullface": "down"}
			}
		},
		{
			"from": [6, 0, 6],
			"to": [10, 4, 10],
			"faces": {
				"up": {"uv": [6, 6, 10, 10], "texture": "#b"},
				"down": {"uv": [6, 12, 10, 16], "texture": "#1", "cullface": "down"}
			}
		},
		{
			"from": [2.8, 4, 8],
			"to": [13.6, 16, 8],
			"rotation": {"angle": 45, "axis": "y", "origin": [8, 8.25, 8], "rescale": true},
			"faces": {
				"north": {"uv": [0, 0, 16, 16], "texture": "#0", "tintindex": 0},
				"south": {"uv": [0, 0, 16, 16], "texture": "#0", "tintindex": 0}
			}
		},
		{
			"from": [8, 4, 2.8],
			"to": [8, 16, 13.6],
			"rotation": {"angle": 45, "axis": "y", "origin": [8, 8.25, 8], "rescale": true},
			"faces": {
				"east": {"uv": [0, 0, 16, 16], "texture": "#0", "tintindex": 0},
				"west": {"uv": [0, 0, 16, 16], "texture": "#0", "tintindex": 0}
			}
		}
	]
}