{
	"credit": "Made with Blockbench",
	"parent": "block/block",
	"textures": {
		"0": "block/sand",
		"1": "entity/skeleton/skeleton",
		"particle": "#0"
	},
	"elements": [
		{
			"from": [0, 0, 0],
			"to": [16, 16, 16],
			"faces": {
				"north": {"uv": [0, 0, 16, 16], "texture": "#0", "cullface": "north"},
				"east": {"uv": [0, 0, 16, 16], "texture": "#0", "cullface": "east"},
				"south": {"uv": [0, 0, 16, 16], "texture": "#0", "cullface": "south"},
				"west": {"uv": [0, 0, 16, 16], "texture": "#0", "cullface": "west"},
				"up": {"uv": [0, 0, 16, 16], "texture": "#0", "cullface": "up"},
				"down": {"uv": [0, 0, 16, 16], "texture": "#0", "cullface": "down"}
			}
		},
		{
			"from": [8.5, 15, 5],
			"to": [14.5, 21, 11],
			"shade": false,
			"rotation": {"angle": 22.5, "axis": "y", "origin": [8, 8, 8]},
			"faces": {
				"north": {"uv": [0, 4, 2, 8], "texture": "#1", "cullface": "up"},
				"east": {"uv": [6, 4, 8, 8], "texture": "#1", "cullface": "up"},
				"south": {"uv": [4, 4, 6, 8], "texture": "#1", "cullface": "up"},
				"west": {"uv": [2, 4, 4, 8], "texture": "#1", "cullface": "up"},
				"up": {"uv": [2, 0, 4, 4], "rotation": 90, "texture": "#1", "cullface": "up"}
			}
		}
	]
}