{
	"credit": "Made with Blockbench",
	"ambientocclusion": true,
	"textures": {
		"1": "minecraft:block/flower_pot",
		"particle": "#1",
		"d": "minecraft:block/dirt",
		"p": "minecraft:block/potted_azalea_bush_plant"
	},
	"elements": [
		{
			"from": [5, 0, 5],
			"to": [6, 6, 11],
			"faces": {
				"north": {"uv": [10, 10, 11, 16], "texture": "#1"},
				"east": {"uv": [5, 10, 11, 16], "texture": "#1"},
				"south": {"uv": [5, 10, 6, 16], "texture": "#1"},
				"west": {"uv": [5, 10, 11, 16], "texture": "#1"},
				"up": {"uv": [5, 5, 6, 11], "texture": "#1"},
				"down": {"uv": [5, 5, 6, 11], "texture": "#1", "cullface": "down"}
			}
		},
		{
			"from": [10, 0, 5],
			"to": [11, 6, 11],
			"faces": {
				"north": {"uv": [5, 10, 6, 16], "texture": "#1"},
				"east": {"uv": [5, 10, 11, 16], "texture": "#1"},
				"south": {"uv": [10, 10, 11, 16], "texture": "#1"},
				"west": {"uv": [5, 10, 11, 16], "texture": "#1"},
				"up": {"uv": [10, 5, 11, 11], "texture": "#1"},
				"down": {"uv": [10, 5, 11, 11], "texture": "#1", "cullface": "down"}
			}
		},
		{
			"from": [6, 0, 5],
			"to": [10, 6, 6],
			"faces": {
				"north": {"uv": [6, 10, 10, 16], "texture": "#1"},
				"south": {"uv": [6, 10, 10, 16], "texture": "#1"},
				"up": {"uv": [6, 5, 10, 6], "texture": "#1"},
				"down": {"uv": [6, 10, 10, 11], "texture": "#1", "cullface": "down"}
			}
		},
		{
			"from": [6, 0, 10],
			"to": [10, 6, 11],
			"faces": {
				"north": {"uv": [6, 10, 10, 16], "texture": "#1"},
				"south": {"uv": [6, 10, 10, 16], "texture": "#1"},
				"up": {"uv": [6, 10, 10, 11], "texture": "#1"},
				"down": {"uv": [6, 5, 10, 6], "texture": "#1", "cullface": "down"}
			}
		},
		{
			"from": [6, 0, 6],
			"to": [10, 4, 10],
			"faces": {
				"up": {"uv": [6, 6, 10, 10], "texture": "#d"},
				"down": {"uv": [6, 12, 10, 16], "texture": "#1", "cullface": "down"}
			}
		},
		{
			"from": [4, 15.9, 4],
			"to": [12, 16, 12],
			"faces": {
				"up": {"uv": [4, 4, 12, 12], "texture": "#t", "cullface": "up"},
				"down": {"uv": [4, 12, 12, 4], "texture": "#t"}
			}
		},
		{
			"from": [4, 11, 4],
			"to": [12, 16, 4],
			"faces": {
				"north": {"uv": [4, 5, 12, 10], "texture": "#s"},
				"south": {"uv": [12, 5, 4, 10], "texture": "#s"}
			}
		},
		{
			"from": [4, 3.75, -0.5],
			"to": [12, 11.75, -0.5],
			"rotation": {"angle": 22.5, "axis": "x", "origin": [0, 0, 0]},
			"faces": {
				"north": {"uv": [4, 8, 12, 16], "texture": "#s"},
				"south": {"uv": [12, 8, 4, 16], "texture": "#s"}
			}
		},
		{
			"from": [-0.5, 3.75, 4],
			"to": [-0.5, 11.75, 12],
			"rotation": {"angle": -22.5, "axis": "z", "origin": [0, 0, 0]},
			"faces": {
				"east": {"uv": [12, 8, 4, 16], "texture": "#s"},
				"west": {"uv": [4, 8, 12, 16], "texture": "#s"}
			}
		},
		{
			"from": [4, 7.25, -2],
			"to": [12, 15.25, -2],
			"rotation": {"angle": 22.5, "axis": "x", "origin": [0, 0, 0]},
			"faces": {
				"north": {"uv": [4, 8, 12, 16], "texture": "#s"},
				"south": {"uv": [12, 8, 4, 16], "texture": "#s"}
			}
		},
		{
			"from": [-2, 7.25, 4],
			"to": [-2, 15.25, 12],
			"rotation": {"angle": -22.5, "axis": "z", "origin": [0, 0, 0]},
			"faces": {
				"east": {"uv": [12, 8, 4, 16], "texture": "#s"},
				"west": {"uv": [4, 8, 12, 16], "texture": "#s"}
			}
		},
		{
			"from": [4, 1.25, 16.75],
			"to": [12, 9.25, 16.75],
			"rotation": {"angle": -22.5, "axis": "x", "origin": [0, 0, 0]},
			"faces": {
				"north": {"uv": [12, 8, 4, 16], "texture": "#s"},
				"south": {"uv": [4, 8, 12, 16], "texture": "#s"}
			}
		},
		{
			"from": [16.75, 1.25, 4],
			"to": [16.75, 9.25, 12],
			"rotation": {"angle": 22.5, "axis": "z", "origin": [0, 0, 0]},
			"faces": {
				"east": {"uv": [4, 8, 12, 16], "texture": "#s"},
				"west": {"uv": [12, 8, 4, 16], "texture": "#s"}
			}
		},
		{
			"from": [4, -2.4, 15.35],
			"to": [12, 5.6, 15.35],
			"rotation": {"angle": -22.5, "axis": "x", "origin": [0, 0, 0]},
			"faces": {
				"north": {"uv": [12, 8, 4, 16], "texture": "#s"},
				"south": {"uv": [4, 8, 12, 16], "texture": "#s"}
			}
		},
		{
			"from": [15.35, -2.4, 4],
			"to": [15.35, 5.6, 12],
			"rotation": {"angle": 22.5, "axis": "z", "origin": [0, 0, 0]},
			"faces": {
				"east": {"uv": [4, 8, 12, 16], "texture": "#s"},
				"west": {"uv": [12, 8, 4, 16], "texture": "#s"}
			}
		},
		{
			"from": [4, 11, 12],
			"to": [12, 16, 12],
			"faces": {
				"north": {"uv": [12, 5, 4, 10], "texture": "#s"},
				"south": {"uv": [4, 5, 12, 10], "texture": "#s"}
			}
		},
		{
			"from": [4, 11, 4],
			"to": [4, 16, 12],
			"faces": {
				"east": {"uv": [12, 5, 4, 10], "texture": "#s"},
				"west": {"uv": [4, 5, 12, 10], "texture": "#s"}
			}
		},
		{
			"from": [12, 11, 4],
			"to": [12, 16, 12],
			"faces": {
				"east": {"uv": [4, 5, 12, 10], "texture": "#s"},
				"west": {"uv": [12, 5, 4, 10], "texture": "#s"}
			}
		},
		{
			"from": [2.6, 4, 8],
			"to": [13.4, 16, 8],
			"rotation": {"angle": 45, "axis": "y", "origin": [8, 8, 8], "rescale": true},
			"faces": {
				"north": {"uv": [0, 4, 16, 16], "texture": "#p"},
				"south": {"uv": [16, 4, 0, 16], "texture": "#p"}
			}
		},
		{
			"from": [8, 4, 2.6],
			"to": [8, 16, 13.4],
			"rotation": {"angle": 45, "axis": "y", "origin": [8, 8, 8], "rescale": true},
			"faces": {
				"east": {"uv": [0, 4, 16, 16], "texture": "#p"},
				"west": {"uv": [16, 4, 0, 16], "texture": "#p"}
			}
		}
	]
}